-0.00583161928078179,0,0
0.00634053670306058,0,0
-0.180425783872948,0,0
0.238154305448332,0,0
-0.0640526093397819,0,0
-0.0519147867095991,0,0
0.0564591709866582,0,0
-0.288601187362255,0,0
0.0583275584445599,0,0
-0.302675967315392,0,0
-0.066737184436705,0,0
0.075144664825207,0,0
-0.062937109717081,0,0
0.0573780800014992,0,0
0.122749865862008,0,0
0.062549407075047,0,0
0.302901826655749,0,0
0.00184857929371374,0,0
0.0126927514041006,0,0
0.0217429763145754,0,0
-0.156051452596762,0,0
0.035269586431396,0,0
-0.143316353426312,0,0
0.008256224612842,0,0
-0.214495292395527,0,0
0.0675454352880199,0,0
-0.0424690082992598,0,0
-0.0463443345584048,0,0
0.225379518702009,0,0
0.205407040483185,0,0
0.127976398437675,0,0
-0.0878962634159345,0,0
0.126270494737917,0,0
0.142654789209816,0,0
-0.0932577965788121,0,0
0.0714209798155458,0,0
-0.0974792855654065,0,0
-0.183433395970482,0,0
0.090377503512416,0,0
0.245057604546137,0,0
-0.12769593322336,0,0
0.0102728620050663,0,0
-0.142596037491326,0,0
-0.266838039899777,0,0
0.23685832786143,0,0
-0.15826213542139,0,0
0.185544585145954,0,0
-0.132770045428972,0,0
0.0693503790023725,0,0
-0.150642007756373,0,0
-0.0455343433109974,0,0
0.495137685480495,0,0
-0.192720593112463,0,0
-0.256195548683287,0,0
-0.192864196748751,0,0
-0.0161133953435283,0,0
0.275537529393276,0,0
0.173922614195081,0,0
0.227823544565148,0,0
0.0520094030436192,0,0
0.0216611633527778,0,0
0.106454748210625,0,0
0.172417636294581,0,0
0.160648008787426,0,0
-0.243811915709043,0,0
0.0029366227045044,0,0
0.157021512878767,0,0
-0.058450006658591,0,0
0.289740997586972,0,0
-0.0587057079144887,0,0
-0.0769429574831996,0,0
-0.256939958182758,0,0
-0.100474370341875,0,0
0.0106912869678883,0,0
-0.189209096371187,0,0
-0.234750204304833,0,0
-0.0704526937845439,0,0
0.209275518450127,0,0
0.112204091630557,0,0
0.0741196213975912,0,0
0.0645868731245077,0,0
-0.0162944613886325,0,0
-0.303234688314715,0,0
0.20149806935087,0,0
0.108791389097922,0,0
-0.0614434374849812,0,0
-0.0480990607161935,0,0
0.159667438561081,0,0
-0.0349992543929122,0,0
0.0769359977442078,0,0
-0.0892009267491616,0,0
0.0677383065225406,0,0
-0.288560477011488,0,0
0.0830617161856183,0,0
-0.19298143615197,0,0
0.0497071795168234,0,0
-0.050183293075753,0,0
-0.238880414460061,0,0
0.254120357302927,0,0
-0.25960129913463,0,0
0.0961761971628099,0,0
-0.0791514921054859,0,0
0.306991976250122,0,0
-0.2302496650484,0,0
0.225781516713512,0,0
0.135213342105306,0,0
-0.100040978805282,0,0
-0.190855736258756,0,0
0.136656016170683,0,0
-0.108077619538488,0,0
-0.082186823243418,0,0
0.118711827014709,0,0
0.127880473109461,0,0
-0.00321033580654947,0,0
-0.109294741118557,0,0
-0.123055013041065,0,0
-0.320288130580633,0,0
-0.120140103064781,0,0
-0.141451768577175,0,0
-0.017121875535039,0,0
-0.0107085635455012,0,0
0.112201431189399,0,0
-0.0141906590266458,0,0
0.24622671131874,0,0
-0.353858188622911,0,0
0.126250910962721,0,0
0.194046056522872,0,0
0.0897801250180975,0,0
0.244004145986958,0,0
-0.153799379081203,0,0
-0.0866697224000655,0,0
-0.174503758243153,0,0
-0.162191327623965,0,0
-0.215119955664321,0,0
-0.152005280972182,0,0
0.0829623776887384,0,0
0.196024506734644,0,0
0.0083988532361455,0,0
0.305563747789171,0,0
0.0497381014273599,0,0
-0.119163349742349,0,0
0.0269402313891351,0,0
-0.167119286389818,0,0
-0.255964051853206,0,0
0.0694876649270799,0,0
0.0825166235578648,0,0
0.0207123048383605,0,0
0.208115515461234,0,0
-0.0797714907687826,0,0
0.115747383706814,0,0
-0.206534373849228,0,0
-0.0576734435709215,0,0
-0.0668077986940615,0,0
-0.25647253993915,0,0
0.101861313319226,0,0
0.226701529358152,0,0
0.0473640616517745,0,0
0.0188851286123666,0,0
0.0964648708153984,0,0
-0.066827457526577,0,0
0.159926832594803,0,0
-0.224694675341826,0,0
0.0810542395334558,0,0
-0.142742384072112,0,0
0.259811510288401,0,0
0.0314819971930822,0,0
-0.227126994706194,0,0
0.0362247135325723,0,0
-0.377179262951227,0,0
0.302327883266013,0,0
-0.283159727073274,0,0
0.216516905854528,0,0
0.0666154221522174,0,0
0.244406078888455,0,0
0.415322193403569,0,0
-0.185785163879092,0,0
-0.130702935644068,0,0
-0.33139152634316,0,0
-0.0328806559027242,0,0
-0.292449527390929,0,0
0.00876500810245679,0,0
-0.00263789582908238,0,0
0.271306585978694,0,0
0.352509744762736,0,0
0.185485660578789,0,0
-0.163265914468873,0,0
-0.117799985119961,0,0
-0.0918102316563268,0,0
-0.198091440425551,0,0
0.00917988229082565,0,0
-0.215654158049213,0,0
0.265175200551801,0,0
0.0506903317874738,0,0
0.222923720796535,0,0
-0.0669680073898936,0,0
-0.207530054978354,0,0
-0.0184824526584314,0,0
0.0449562831523259,0,0
-0.0280932385502111,0,0
-0.134620414754481,0,0
0.312117815852356,0,0
-0.149464802920984,0,0
0.124967094021289,0,0
0.00628748709358347,0,0
-0.289890476967416,0,0
0.000466803064109905,0,0
0.0844260035971845,0,0
0.0595689908962839,0,0
0.2052964502826,0,0
0.042326922593969,0,0
-0.0238275098416871,0,0
-0.120746553441386,0,0
-0.300907291231179,0,0
0.119778934178113,0,0
0.0896716771898308,0,0
-0.157143850404689,0,0
-0.328556785843109,0,0
-0.0890118294754841,0,0
0.510327820072447,0,0
-0.0322065592702272,0,0
0.0249840345993349,0,0
-0.321725867410419,0,0
-0.0994992798559935,0,0
0.414314762148791,0,0
-0.0109469685767056,0,0
0.365160047589495,0,0
0.207588077639504,0,0
-0.217780131844042,0,0
0.00723095017581562,0,0
0.102185310712148,0,0
0.0515115571836312,0,0
-0.158723050605766,0,0
0.145133017346065,0,0
-0.124644419583781,0,0
-0.120900533667169,0,0
-0.134035381079427,0,0
-0.163660353996716,0,0
0.105283810486381,0,0
-0.189377010960358,0,0
0.382157131740242,0,0
0.183131026053416,0,0
-0.0407433571801263,0,0
0.406975668977156,0,0
-0.0970813557713908,0,0
-0.236722553369388,0,0
-0.00852621987303532,0,0
-0.353892700404528,0,0
0.263505417257804,0,0
-0.0415732888440159,0,0
-0.0449315455625751,0,0
-0.0326532672780079,0,0
0.16329509341607,0,0
-0.0449599425189715,0,0
0.00944588124774634,0,0
0.070282690998218,0,0
-0.0479477924035281,0,0
-0.0742840751132689,0,0
0.160027821868951,0,0
-0.212591814909036,0,0
0.264613899515038,0,0
-0.0675075914128693,0,0
-0.146639092279062,0,0
0.11052707706259,0,0
0.355130138581863,0,0
-0.273761323321151,0,0
0.128674329216689,0,0
-0.102227188988891,0,0
-0.0357144158796966,0,0
-0.0595185506598561,0,0
0.104214183281508,0,0
-0.066817327368072,0,0
0.0131205768776408,0,0
0.041257332155733,0,0
-0.193081964300948,0,0
0.250670958048002,0,0
-0.0699307093615497,0,0
0.0538615714411638,0,0
0.0889470634161589,0,0
0.154711640360551,0,0
-0.0603598285499856,0,0
0.0434466572122998,0,0
0.0119591503844985,0,0
-0.225324474880352,0,0
-0.261130051193534,0,0
0.173034360653381,0,0
-0.0742212252232946,0,0
-0.197086201333998,0,0
0.0312627857862456,0,0
-0.0256569770168429,0,0
-0.0959871220649525,0,0
0.0872077270041547,0,0
0.00231102434624283,0,0
0.164569806710207,0,0
0.207999910953511,0,0
-0.100278632110662,0,0
0.0354554203059158,0,0
0.428224841323379,0,0
-0.36433004854356,0,0
-0.249710325709965,0,0
0.323925505775457,0,0
-0.0725388897847746,0,0
-0.112806220398702,0,0
-0.0574050963134417,0,0
0.00906829082824106,0,0
-0.143919173227338,0,0
-0.0140063777169133,0,0
-0.172142804794706,0,0
0.0469665114648077,0,0
0.111552687736196,0,0
-0.307861128438969,0,0
-0.0419972304660898,0,0
0.36892181944702,0,0
-0.205353346142421,0,0
-0.0901276504285425,0,0
0.107018134810603,0,0
0.208102330338055,0,0
-0.15048372268295,0,0
0.415986920375957,0,0
0.214442323874831,0,0
-0.0160466028817346,0,0
0.123922183813488,0,0
-0.174445545545378,0,0
0.20579850812236,0,0
0.16516715526205,0,0
-0.263244348304374,0,0
-0.15958716159637,0,0
0.170081898572059,0,0
-0.226817352109559,0,0
-0.175000779840076,0,0
-0.00405845792109358,0,0
-0.0701525392445073,0,0
-0.275229288923983,0,0
0.341378265880733,0,0
-0.136176154161942,0,0
0.275668220608051,0,0
-0.102437795759046,0,0
-0.153926528462702,0,0
0.149959711660492,0,0
0.159428707117773,0,0
-0.00908174073918025,0,0
0.108077594268812,0,0
-0.0159413467868672,0,0
-0.173984085340719,0,0
0.0826736296801734,0,0
0.0765930169146234,0,0
0.0689663000513539,0,0
-0.132780368214567,0,0
0.119712983171798,0,0
-0.262318915815718,0,0
0.385729447451924,0,0
-0.273552416005416,0,0
0.16538809911215,0,0
-0.00854635529509768,0,0
-0.120184631260101,0,0
-0.0505812800440228,0,0
0.148504563890164,0,0
-0.0905716606502419,0,0
-0.0901224438543596,0,0
-0.0839590064887094,0,0
-0.0173962741304819,0,0
0.128652065719719,0,0
-0.245242260129167,0,0
0.1115805067278,0,0
-0.079645378949508,0,0
0.1292700145855,0,0
-0.159709061908413,0,0
0.139555622214663,0,0
0.174209302120218,0,0
0.126053565269433,0,0
-0.193244837075457,0,0
0.210085641306508,0,0
0.0761932676899037,0,0
-0.0333725635455438,0,0
-0.192933708735208,0,0
0.190771533693983,0,0
-0.0628883488694676,0,0
-0.0602130546987035,0,0
-0.239193172356314,0,0
-0.0955057679110285,0,0
0.136919937592131,0,0
-0.302458941796421,0,0
-0.0539468561967701,0,0
0.00686934514569547,0,0
0.100915988867145,0,0
-0.26011814118248,0,0
0.139545631492791,0,0
0.0461620985997681,0,0
-0.0262177792122711,0,0
-0.179152876608894,0,0
0.168333775434986,0,0
0.147223225538999,0,0
0.193208916290546,0,0
-0.25958597809414,0,0
0.239980155668032,0,0
0.100668242769426,0,0
-0.0542916654010156,0,0
0.0859364166990165,0,0
0.0108687386492407,0,0
0.0819082429121081,0,0
-0.178552715994286,0,0
-0.0590033899558942,0,0
0.0276825718776034,0,0
0.0386988333002409,0,0
-0.358742108948323,0,0
-0.148884996863133,0,0
0.123673262809502,0,0
-0.0375862512269928,0,0
-0.0554670126554129,0,0
-0.0129781296459734,0,0
0.0766157284036941,0,0
-0.199475505807805,0,0
0.0493571427076628,0,0
-0.140781725042985,0,0
0.0678953401819246,0,0
-0.254429946337902,0,0
0.145815619638231,0,0
-0.0410993045134541,0,0
-0.00862433521491327,0,0
-0.312355204732058,0,0
-0.13037056712362,0,0
0.242986319948916,0,0
0.105525949870171,0,0
0.128650394979268,0,0
0.00585080659413016,0,0
0.188021115854856,0,0
-0.138672338117907,0,0
0.186070262752,0,0
0.0107082033803471,0,0
-0.155421617660042,0,0
0.079681248589214,0,0
-0.143199793698633,0,0
-0.10850729048358,0,0
-0.00130129946443409,0,0
0.00895120025988261,0,0
-0.000117387683490135,0,0
-0.107120444576595,0,0
0.278876725973792,0,0
0.367707596637845,0,0
-0.123650082141878,0,0
-0.00327032861393732,0,0
-0.0567211294307629,0,0
-0.094425589660274,0,0
-0.0706720400290144,0,0
-0.188147651667327,0,0
-0.132886162267483,0,0
0.0978792034817137,0,0
-0.308923054187579,0,0
0.0565267680253847,0,0
-0.210001757720498,0,0
0.248716825420531,0,0
-0.0736670184313237,0,0
0.363221707043373,0,0
0.282579352030331,0,0
-0.0918303488679521,0,0
0.167258223944951,0,0
-0.0184387158551058,0,0
0.244334915111737,0,0
0.000498778821973444,0,0
-0.0695453662127444,0,0
-0.0649908308340646,0,0
0.05705338470621,0,0
-0.245277143009265,0,0
0.0913917621216262,0,0
-0.182742583522978,0,0
-0.398370260619208,0,0
0.146904922133992,0,0
0.206285770578459,0,0
0.449698541922603,0,0
-0.0731580037382928,0,0
-0.0626940749982017,0,0
0.244655524002209,0,0
0.22393189083447,0,0
-0.141976724952978,0,0
0.0289418560645024,0,0
0.0989313387301181,0,0
0.0710595084868983,0,0
-0.192317815493316,0,0
0.00988159867422705,0,0
-0.410439111085765,0,0
-0.212942793066036,0,0
0.195970002780477,0,0
0.166797717067537,0,0
0.344777155975768,0,0
0.200424168636883,0,0
0.0106655124862291,0,0
-0.160329858307491,0,0
-0.146622540141442,0,0
0.0967140822666881,0,0
-0.25626957368036,0,0
0.177212292095891,0,0
0.0645744630209703,0,0
-0.330131704461442,0,0
0.449929144298749,0,0
0.31453093706328,0,0
0.0581512047084267,0,0
0.0352377530422893,0,0
-0.145918061581823,0,0
0.180998926185346,0,0
-0.375694026652748,0,0
-0.065425722816707,0,0
0.0332957465950252,0,0
0.225222927499752,0,0
0.0599451568245361,0,0
-0.0368708273300597,0,0
-0.190065829043832,0,0
0.0164363989412702,0,0
0.189248708342653,0,0
0.0300960242329631,0,0
-0.180321786614378,0,0
-0.210363547425054,0,0
-0.0296729914710497,0,0
-0.00361699472479298,0,0
-0.135720444593829,0,0
0.127004311480204,0,0
0.123072953829546,0,0
0.00494100181643299,0,0
-0.109044707932114,0,0
0.12433247226817,0,0
-0.032243900185485,0,0
-0.22373489238306,0,0
-0.175175981019627,0,0
0.172191644822453,0,0
0.0824647592621135,0,0
0.0662151231784118,0,0
-0.28027837439123,0,0
0.11253332789679,0,0
-0.0659691823551212,0,0
0.0128462313815935,0,0
0.0941346714571461,0,0
0.0733828428923528,0,0
-0.166202536554336,0,0
-0.00804362866731887,0,0
-0.0680270245746394,0,0
-0.285983106923126,0,0
0.0577739482842964,0,0
-0.036818176922641,0,0
-0.0670543139149162,0,0
0.199336149014514,0,0
-0.194129109142794,0,0
0.17353408503247,0,0
-0.0486512297433957,0,0
0.156029934062032,0,0
0.00263485697057574,0,0
0.14747694357494,0,0
0.0193908641763259,0,0
-0.171029364063155,0,0
0.0212982364931546,0,0
0.282827281178295,0,0
-0.183320328461917,0,0
0.207136896601902,0,0
-0.362370039424679,0,0
0.128734868382245,0,0
-0.0352366018267537,0,0
-0.168472817559277,0,0
0.114620837149581,0,0
-0.354474385619355,0,0
0.318495585617325,0,0
-0.396728362919749,0,0
0.120592615973701,0,0
0.196145965518716,0,0
-0.0677020201296832,0,0
0.226620331904815,0,0
-0.225916672520229,0,0
0.217071226863535,0,0
-0.0631769340532097,0,0
0.110074871518333,0,0
0.0795075889820693,0,0
-0.462365290358555,0,0
0.188375556778755,0,0
-0.151209425218576,0,0
-0.0646941109061677,0,0
-0.0377395256061998,0,0
-0.0623360484485274,0,0
0.028378753430839,0,0
0.0175455330400805,0,0
0.0384064937373172,0,0
-0.0369255752386262,0,0
0.120044667283369,0,0
0.281321090730332,0,0
-0.211105684605248,0,0
-0.0485892388985267,0,0
0.163383679104395,0,0
-0.158623720005401,0,0
0.201514147396031,0,0
0.0284911359406375,0,0
-0.0237659677238053,0,0
0.0185601571474119,0,0
0.0476993798682233,0,0
0.169242233900263,0,0
-0.102968667786902,0,0
0.229792561477955,0,0
-0.126722323546876,0,0
-0.228714256491756,0,0
0.0413390118744288,0,0
-0.284620825475676,0,0
0.144125137584257,0,0
-0.0899149806887969,0,0
-0.0251400344793568,0,0
-0.104579622892622,0,0
0.0639797595660114,0,0
0.188805467949865,0,0
-0.0202471455872339,0,0
0.226387683346979,0,0
0.082601058217574,0,0
-0.113906801572947,0,0
0.0613724558643703,0,0
-0.134665106276725,0,0
0.159058494432638,0,0
-0.0388260680883162,0,0
-0.0308711835553925,0,0
-0.187496623399189,0,0
-0.0561160884702242,0,0
-0.0249618535693493,0,0
-0.154220851465667,0,0
0.0856643394306898,0,0
-0.100517329682115,0,0
-0.0554045104169574,0,0
-0.0379090725748648,0,0
0.00868564914926784,0,0
0.0522799930886651,0,0
0.255630070438128,0,0
0.113536012011615,0,0
0.0592218917811556,0,0
-0.079645999737345,0,0
0.0294553855945891,0,0
-0.311547467822867,0,0
0.201160338225821,0,0
-0.101813324220196,0,0
-0.0534456197574142,0,0
-0.141893770273041,0,0
-0.0599623706050418,0,0
0.0490709824192883,0,0
-0.258089854864549,0,0
-0.0092213008754124,0,0
0.169432853467523,0,0
-0.0331813999074859,0,0
-0.117346912883034,0,0
0.406053505901122,0,0
0.0302218089610628,0,0
-0.0545885791076696,0,0
0.346190828082057,0,0
0.0706375530245754,0,0
-0.025005548453416,0,0
-0.000936172826130473,0,0
0.1718951827417,0,0
-0.169566818907275,0,0
-0.219283729181327,0,0
-0.182963979944767,0,0
0.0939233995503157,0,0
-0.281118438419297,0,0
-0.0646210724455416,0,0
-0.0128095337765642,0,0
0.313101851461862,0,0
-0.00558453521694935,0,0
0.0143976570368998,0,0
0.0950078718663311,0,0
-0.107133124887356,0,0
0.24568883474953,0,0
0.173484722782072,0,0
-0.123529291029693,0,0
0.184339430397557,0,0
-0.223190066603268,0,0
-0.0449540955372231,0,0
0.0306015796394019,0,0
0.160672632575736,0,0
-0.1501957652749,0,0
0.0524850591921246,0,0
0.11846145968875,0,0
0.228384697573013,0,0
-0.102112602549134,0,0
-0.204329061541141,0,0
0.0164414947140671,0,0
-0.175318314733585,0,0
0.160769814009882,0,0
-0.234921370743432,0,0
-0.247217687662097,0,0
-0.134583924217673,0,0
0.0240946916253034,0,0
0.0539738273458713,0,0
-0.201561268909796,0,0
-0.186930612444367,0,0
0.126212249956984,0,0
0.0238141326270088,0,0
-0.0253304601933355,0,0
0.0352091801731572,0,0
0.122726346889583,0,0
0.314283558010265,0,0
0.0633177826210607,0,0
0.103715175277142,0,0
-0.0931708022403424,0,0
-0.344017699764777,0,0
-0.113943920051952,0,0
0.107840125777239,0,0
-0.00305294033494497,0,0
-0.0850357436294148,0,0
0.115859115696249,0,0
0.139556940537983,0,0
0.103425038320345,0,0
0.104236116574691,0,0
0.324490529167625,0,0
-0.221010505465896,0,0
-0.163903249749813,0,0
-0.000625514919922399,0,0
0.0777761850001759,0,0
-0.212373594044541,0,0
-0.215729659107626,0,0
0.0540224163285406,0,0
0.201304477583109,0,0
0.232688119114732,0,0
-0.10439758742524,0,0
0.119057237599858,0,0
0.102661253217611,0,0
-0.088892402707614,0,0
0.0381636556469725,0,0
-0.176275291057377,0,0
-0.158823347197635,0,0
-0.0464200761775846,0,0
-0.207278129722229,0,0
0.0759885411075401,0,0
0.289988963022492,0,0
-0.0243732846805821,0,0
0.134971515500344,0,0
0.0628408737350889,0,0
0.0196142430428001,0,0
-0.202296122399934,0,0
0.183279142667395,0,0
-0.314376010063142,0,0
-0.263212131638371,0,0
0.0945914790832236,0,0
0.11253395007266,0,0
-0.0387609872720614,0,0
0.188436563242376,0,0
0.0265667008864252,0,0
-0.184585815164919,0,0
-0.132296625191635,0,0
0.0297836403753192,0,0
0.117336910832704,0,0
0.318618776223228,0,0
-0.0709575637410594,0,0
0.0787193337676985,0,0
0.156266191258597,0,0
0.132063769319636,0,0
-0.406808125709108,0,0
0.25445392152318,0,0
-0.191012669087766,0,0
-0.0584652384136,0,0
-0.180279979591723,0,0
0.208227098240672,0,0
0.0664091060093471,0,0
-0.279346897612363,0,0
0.0516425295409678,0,0
0.120281272670123,0,0
-0.135446527511493,0,0
0.183075402670991,0,0
0.136057079479128,0,0
-0.0981373988915649,0,0
0.0988520640240895,0,0
0.0763701292406307,0,0
-0.0157757388229989,0,0
-0.057521222967424,0,0
-0.0296154303299415,0,0
0.16989824326191,0,0
-0.0455852029364857,0,0
-0.123927316106672,0,0
-0.0755091459825724,0,0
-0.203905310474757,0,0
-0.23805043088775,0,0
0.278711035174058,0,0
0.0181846906953917,0,0
0.279075994218049,0,0
0.0827113075718939,0,0
-0.0934970219076222,0,0
-0.147181316934853,0,0
0.227198809932747,0,0
-0.04946752657187,0,0
-0.0376591443535349,0,0
0.180283195882933,0,0
-0.289047693172116,0,0
-0.262139743773123,0,0
0.160887054754641,0,0
-0.0743079560666932,0,0
0.211093792484984,0,0
0.307234453849287,0,0
-0.137435933563097,0,0
0.0886046922670785,0,0
-0.20988089724672,0,0
-0.093140138509174,0,0
0.127380176976323,0,0
0.139018055909543,0,0
-0.286880982298753,0,0
0.214007081121538,0,0
0.167371709007666,0,0
0.0283557720881736,0,0
-0.148683828325103,0,0
0.241237367302732,0,0
-0.180199772251484,0,0
0.0427112189379608,0,0
0.0433103799626152,0,0
0.0722586308130766,0,0
-0.155272109297404,0,0
0.0598391531379845,0,0
-0.164650516200624,0,0
0.137491317630675,0,0
0.0161888783273513,0,0
-0.134264822433885,0,0
0.0629418038197287,0,0
-0.119802130428241,0,0
0.0404434312823726,0,0
-0.156530764277396,0,0
0.3129836616582,0,0
-0.245987150459716,0,0
-0.0985649759516339,0,0
-0.0421822189323399,0,0
0.119558544681047,0,0
-0.000278565427603678,0,0
-0.149619020533092,0,0
0.0111941475353871,0,0
0.0393713149232493,0,0
-0.051743970908549,0,0
-0.0765715984016881,0,0
-0.0519680863539877,0,0
0.00466656224909103,0,0
0.067566217851193,0,0
-0.132085235645414,0,0
0.0642871298362956,0,0
0.0102823505985838,0,0
0.011604671168218,0,0
0.112664482756725,0,0
-0.07779887682407,0,0
-0.165514232599106,0,0
-0.0207045846721137,0,0
-0.00322270418749834,0,0
0.054451214260632,0,0
0.117237191044931,0,0
-0.0908572849776797,0,0
0.250198840998088,0,0
-0.0444042881905313,0,0
-0.0270992579364691,0,0
-0.316197736956991,0,0
0.266788934103066,0,0
0.121333001283726,0,0
-0.032765873591058,0,0
0.199526135568629,0,0
0.000762696069670232,0,0
-0.109857760509771,0,0
-0.11215885175716,0,0
-0.054978565033396,0,0
0.151848792777326,0,0
0.017986357064554,0,0
-0.0240196015091928,0,0
-0.168907096059285,0,0
-0.187774454575597,0,0
0.0404088015821905,0,0
-0.137329762487851,0,0
0.13233354783117,0,0
-0.0038113380479435,0,0
-0.0396720263277827,0,0
-0.018335773554447,0,0
-0.125280887817061,0,0
0.202866707965555,0,0
-0.0258132004076624,0,0
-0.223041647888221,0,0
0.0157929897660019,0,0
-0.039519033192608,0,0
0.0377828150884424,0,0
-0.0283567412791155,0,0
-0.156101383209094,0,0
0.209925137631216,0,0
0.0843299436026422,0,0
-0.130980731837508,0,0
0.0738227111360193,0,0
0.0336688529648851,0,0
0.0209413955996108,0,0
0.0661932610018401,0,0
0.0435209355059199,0,0
0.0191376549017145,0,0
-0.128363704096212,0,0
0.174924205924205,0,0
-0.0525507439619159,0,0
-0.0824146800245536,0,0
0.0647279659046837,0,0
-0.103274960379374,0,0
0.116861259115924,0,0
-0.10093581908688,0,0
-0.0947815553455421,0,0
0.103733778356895,0,0
0.0578682195213673,0,0
-0.0923590528783504,0,0
-0.0184783440452903,0,0
0.0946545504826201,0,0
0.0590993578634524,0,0
-0.0934624311827229,0,0
0.0701854736090508,0,0
0.0302784177861873,0,0
-0.10348340875205,0,0
0.0168846132051338,0,0
-0.0169243067608997,0,0
0.0425230713344687,0,0
0.0145740262377043,0,0
-0.11759253410412,0,0
0.222949825054476,0,0
-0.346278179760447,0,0
0.270341946184728,0,0
0.0804707277278349,0,0
0.0969092409498216,0,0
-0.0803057881479673,0,0
-0.0135488724105653,0,0
-0.0839524902429686,0,0
0.446392437600384,0,0
-0.185525915376012,0,0
0.0754115692223783,0,0
0.0851700428969547,0,0
-0.171824161512056,0,0
-0.127932405512044,0,0
-0.0597161658609576,0,0
0.182581089486848,0,0
-0.162228980047776,0,0
0.193136076700476,0,0
-0.0704628366718586,0,0
-0.161468841002314,0,0
-0.156822752869792,0,0
0.0804242624566176,0,0
-0.16024249576343,0,0
0.321590957668466,0,0
-0.0704312516832986,0,0
0.178078380851281,0,0
0.0435489676187826,0,0
-0.021378464240629,0,0
-0.0616902395493095,0,0
-0.134359174963086,0,0
0.132748102061506,0,0
0.237279641655544,0,0
0.0583391526111112,0,0
-0.279906199982961,0,0
-0.0228140355564433,0,0
-0.00996499884133026,0,0
-0.119016188417713,0,0
0.0828450165936882,0,0
0.00477827598635429,0,0
-0.148292270433915,0,0
-0.19713732170498,0,0
0.144876152424363,0,0
0.253812559439687,0,0
-0.156054389843415,0,0
-0.0105966949933937,0,0
-0.0471548777038175,0,0
0.140413630726202,0,0
0.126160751815587,0,0
0.198611143621016,0,0
-0.266345297652132,0,0
-0.00327472195475518,0,0
-0.107666483657845,0,0
0.00960326591841442,0,0
-0.0839738460894889,0,0
0.165682848346461,0,0
0.00170034031021506,0,0
0.289995172173309,0,0
-0.28086478058999,0,0
0.0858278513472161,0,0
-0.0249250397951314,0,0
0.0122753699864139,0,0
-0.0357633041254857,0,0
-0.101301598325645,0,0
0.0550602434531789,0,0
-0.0376780327432041,0,0
0.316800163804372,0,0
-0.352605699211346,0,0
0.0146780553736315,0,0
0.00205576158494245,0,0
0.124785600421678,0,0
0.0163385865375021,0,0
-0.164685610275789,0,0
0.203452126592218,0,0
0.129086517114605,0,0
0.0373688081487967,0,0
-0.0823500538213446,0,0
0.0597735318922345,0,0
-0.0672617110958885,0,0
0.17135174823143,0,0
0.0255895250916652,0,0
-0.0140957341405294,0,0
0.01998491454294,0,0
-0.0277013427304242,0,0
-0.156169341746139,0,0
0.196413245665315,0,0
-0.110259622884469,0,0
-0.108678930162421,0,0
-0.352406960376035,0,0
0.0307094872328974,0,0
0.158206439492085,0,0
0.355039482208966,0,0
-0.0107882761943858,0,0
-0.137443355778882,0,0
-0.302330799136016,0,0
-0.0311104936339597,0,0
0.130130346807332,0,0
0.142058665718868,0,0
0.188377478777256,0,0
0.0571685705800668,0,0
-0.145345064782507,0,0
-0.195486262668357,0,0
-0.153433371035411,0,0
0.0328253717061389,0,0
-0.206195473877522,0,0
0.0179754506424684,0,0
0.0285502154593791,0,0
-0.0695408256508322,0,0
0.0778770552008609,0,0
0.170682162886142,0,0
0.172745267901609,0,0
-0.0269301689026123,0,0
0.163460273485477,0,0
0.240723646749622,0,0
-0.0805468438540913,0,0
0.358393203673039,0,0
0.0176631098784204,0,0
-0.0766117095364036,0,0
0.0787556096524042,0,0
0.0724408961431748,0,0
-0.0434083755530895,0,0
-0.0720701504470922,0,0
-0.186674981937197,0,0
-0.434648630065069,0,0
-0.127781789498459,0,0
-0.0799215250775593,0,0
0.182448761347488,0,0
0.140406095309765,0,0
0.0618281201607701,0,0
0.235390060060693,0,0
-0.0967003021245192,0,0
0.272342118165213,0,0
0.28798230007749,0,0
0.00242944418594382,0,0
-0.133977387875297,0,0
-0.165778718370219,0,0
-0.0421700598283651,0,0
0.0273974929474471,0,0
0.109190389301363,0,0
-0.0259364370866409,0,0
-0.128798696795445,0,0
-0.00236007379978496,0,0
0.0737018844432194,0,0
-0.0708616048433617,0,0
-0.441274137313277,0,0
0.0899619456526702,0,0
0.102298914221598,0,0
-0.146894378090289,0,0
0.0665430873693463,0,0
-0.0428702125710933,0,0
0.0801044103585738,0,0
-0.050030245541311,0,0
0.0340034301062159,0,0
-0.0473397653178299,0,0
0.259449540297679,0,0
-0.129102017520196,0,0
-0.095589516298564,0,0
0.254245224707162,0,0
-0.19649839334708,0,0
-0.320474255106197,0,0
0.195726230899648,0,0
-0.00753872451294194,0,0
-0.0994244003140112,0,0
0.157748412342379,0,0
0.00280659839710238,0,0
0.185877346301908,0,0
0.0530392366723184,0,0
-0.0249966885915122,0,0
-0.0659724599882732,0,0
0.221088492792536,0,0
0.0182615785820972,0,0
-0.22068042251593,0,0
0.11266143712236,0,0
0.139221177667166,0,0
-0.230133380975716,0,0
-0.113718105991999,0,0
0.158209929451375,0,0
-0.0488208808445042,0,0
-0.188823396660103,0,0
0.327767239994386,0,0
0.0191718180506814,0,0
-0.178274357743002,0,0
0.306427297002188,0,0
-0.0794191549365247,0,0
0.0113314406053559,0,0
0.13189255068981,0,0
-0.0664548187494889,0,0
-0.00726090363087659,0,0
0.093360550806553,0,0
-0.251792735331105,0,0
-0.147651680459707,0,0
-0.145917325636908,0,0
0.177699485387951,0,0
-0.0563697591641702,0,0
0.0634591929594739,0,0
-0.0546104230132039,0,0
0.113456462954358,0,0
0.248916055296841,0,0
0.100136447339788,0,0
0.245002242723311,0,0
-0.155271478621108,0,0
-0.0281337854076268,0,0
-0.123239722941577,0,0
-0.065463185306019,0,0
0.0224935911744261,0,0
-0.0609984897031186,0,0
-0.0485336818902229,0,0
-0.262595198945494,0,0
0.273812548589932,0,0
0.0121292689984202,0,0
0.108126302307792,0,0
-0.0767915873900521,0,0
0.209574597418158,0,0
-0.127144068211143,0,0
-0.0573579349626429,0,0
-0.0120700122854701,0,0
-0.0669166545995229,0,0
0.167647046160553,0,0
0.0189318748146637,0,0
-0.101259874254992,0,0
-0.134224730429394,0,0
0.0249028703593191,0,0
-0.170922205681404,0,0
0.066975941357971,0,0
0.139612992248994,0,0
0.147362002075989,0,0
0.0885454270341625,0,0
-0.0141669528640335,0,0
0.217650339265393,0,0
-0.169111532519002,0,0
-0.193286384223891,0,0
-0.00901030540021707,0,0
-0.245627427372993,0,0
0.0307623935263645,0,0
-0.0659130939214952,0,0
-0.155278435005448,0,0
0.12368831758519,0,0
0.127239258644534,0,0
-0.411628294048622,0,0
0.251565634542092,0,0
0.0711661453000243,0,0
-0.131331251964468,0,0
-0.194032256263821,0,0
0.137446526341353,0,0
0.203386061491836,0,0
0.0265073919202261,0,0
0.107663721848187,0,0
-0.0105665108375285,0,0
0.00387755620319791,0,0
-0.159549524024201,0,0
-0.10667129388746,0,0
0.154096462050216,0,0
-0.0885598687375001,0,0
-0.104270619133569,0,0
0.169406682362971,0,0
-0.096570946878981,0,0
0.0503048662077002,0,0
-0.172197956844517,0,0
0.129348930274931,0,0
-0.0443725071452934,0,0
-0.268902739369031,0,0
0.0630311467222772,0,0
0.0784313864883783,0,0
0.130212043442054,0,0
0.214677936276243,0,0
0.101505521654882,0,0
-0.126458673622919,0,0
-0.0963903235396773,0,0
0.225048519878117,0,0
0.0569012392179771,0,0
-0.0465996200185328,0,0
-0.0101766992293073,0,0
-0.117187531081536,0,0
-0.115687604404537,0,0
0.118833654204969,0,0
0.0359888898312224,0,0
-0.118320659123102,0,0
0.147769916792812,0,0
-0.0438881654197844,0,0
-0.131552624563173,0,0
-0.0146252752599289,0,0
-0.0923744632618374,0,0
0.0982108089739051,0,0
-0.130682323427691,0,0
-0.208788032219277,0,0
0.17783236465582,0,0
0.05863159692504,0,0
0.0602664203806743,0,0
0.0187254791345807,0,0
0.0308943200620454,0,0
0.00630407619148322,0,0
0.0780888489292084,0,0
0.0644310381670641,0,0
0.0166425857498636,0,0
-0.109486590062822,0,0
0.0188049004686048,0,0
-0.246468266147004,0,0
0.0358059155293251,0,0
-0.0571535012591311,0,0
-0.0362687715173108,0,0
-0.123487928907468,0,0
-0.0144379282610289,0,0
0.187524926777293,0,0
0.045866723723715,0,0
-0.0838045782246368,0,0
-0.0657082054762841,0,0
0.0897938913691396,0,0
0.227721012152646,0,0
-0.0200950228631967,0,0
-0.158795949153558,0,0
0.0367259509940464,0,0
0.0322305734146731,0,0
0.0347776779414295,0,0
-0.0750463846684234,0,0
0.143944851514177,0,0
0.0471444906766085,0,0
0.219686191888215,0,0
-0.0061123244305208,0,0
-0.050328527515667,0,0
0.0882429435953834,0,0
0.011239410860144,0,0
-0.0482949951604543,0,0
-0.162126537867227,0,0
0.0682613116861978,0,0
-0.0686628417542674,0,0
0.142353894971062,0,0
0,-0.00856954394418643,0
0,0.0107184653355165,0
0,-0.307630604664385,0
0,0.291406413659513,0
0,0.00556558732166268,0
0,0.0247188622312844,0
0,0.0921802286688418,0
0,-0.375055976211892,0
0,-0.126649188616257,0
0,-0.175648361403739,0
0,0.136212725217214,0
0,-0.231338626940389,0
0,-0.299648971794565,0
0,0.402806271424233,0
0,0.0678765232902554,0
0,0.114352457232998,0
0,0.358131114915199,0
0,-0.28064453539719,0
0,0.478075597572674,0
0,-0.0326892461150581,0
0,0.163648368347246,0
0,-0.683308784424628,0
0,-0.345091044616448,0
0,-0.0136041486560071,0
0,0.127716158719486,0
0,-0.644722459985504,0
0,0.427056949624237,0
0,0.0446259509697132,0
0,0.515470316001047,0
0,0.301306177386626,0
0,-0.0281576885110021,0
0,0.119509134610785,0
0,-0.408398493777392,0
0,0.691807827609362,0
0,-0.330018776529458,0
0,0.926514521603512,0
0,0.672960091602807,0
0,-0.74273094946302,0
0,0.436644371964156,0
0,-0.232665977906778,0
0,-0.360564795724745,0
0,-0.310628786753598,0
0,0.11870517706317,0
0,-0.490232816310265,0
0,-0.149381317470542,0
0,0.141751479078301,0
0,1.09225577425347,0
0,-0.453631830593624,0
0,0.534456996875159,0
0,-0.182806861969068,0
0,0.420657387736656,0
0,0.0293206361197137,0
0,-0.108868824200084,0
0,-0.803536660539531,0
0,-0.73744569959953,0
0,-0.0657247327778682,0
0,0.0738021849220399,0
0,0.350632534290236,0
0,0.634655432515753,0
0,0.345436998070362,0
0,-0.264992465366138,0
0,0.120408817880891,0
0,0.333021230567783,0
0,-0.567738327306161,0
0,-0.269487325475103,0
0,-0.0281453098113038,0
0,-0.428352857288991,0
0,-0.155783957800025,0
0,0.375032515264667,0
0,-0.43909540380213,0
0,-0.0110008368549722,0
0,-0.090363768415714,0
0,-0.586783552866262,0
0,0.265718952186178,0
0,0.236563759422341,0
0,-0.0407906923946448,0
0,0.202816583492236,0
0,0.420216416921335,0
0,0.634697366546714,0
0,-0.476714233306562,0
0,0.16891003854865,0
0,-0.268525532490742,0
0,0.0713357114464604,0
0,-0.813111894473251,0
0,0.63740855112269,0
0,0.091802974519855,0
0,-0.246321745204057,0
0,-0.314102483333139,0
0,0.379313124185549,0
0,-0.363647852574033,0
0,-0.0507327010001422,0
0,-0.163210491641534,0
0,0.403327611399277,0
0,0.315650775396252,0
0,0.346929171096702,0
0,-0.287324713235265,0
0,0.150813538214685,0
0,-0.767528475654928,0
0,-0.590144160182679,0
0,0.371224124822726,0
0,-0.578037281389902,0
0,-0.224183173358454,0
0,0.747069788096871,0
0,0.623197693097737,0
0,0.385933601061165,0
0,-0.650090826504191,0
0,-0.72163215963821,0
0,-0.14152884620949,0
0,0.275950776650732,0
0,0.12232301973107,0
0,0.263812996290759,0
0,0.518589152338398,0
0,-0.129855118678538,0
0,-0.235509812017996,0
0,0.761434780716996,0
0,-0.283589585819767,0
0,0.407492629901404,0
0,-0.61502907592629,0
0,-0.367193927005677,0
0,0.333571819766291,0
0,0.221575898768164,0
0,-0.495142154770701,0
0,-0.175748947772491,0
0,0.231993394968949,0
0,-0.0477699934560523,0
0,-0.477179134730766,0
0,0.080608149985107,0
0,-0.0532402598751391,0
0,0.552786693992704,0
0,0.115389495781642,0
0,0.486428330933015,0
0,0.393670208229858,0
0,-0.996554035731998,0
0,-0.338938890859569,0
0,-0.500374725803477,0
0,0.662091252108784,0
0,-0.505359644823234,0
0,0.712915231324716,0
0,0.36526552364962,0
0,-0.422105326108537,0
0,-0.410675415294572,0
0,0.227949143631134,0
0,-0.25132720384448,0
0,-0.297881387437794,0
0,0.279127712437105,0
0,0.0730072499439581,0
0,0.05707759781018,0
0,-0.131004662199418,0
0,0.244396980230155,0
0,-0.232049503568677,0
0,0.375093738738122,0
0,-0.176663671120419,0
0,0.12675462470417,0
0,0.0220665508258946,0
0,-0.180771470096632,0
0,-0.146548112830726,0
0,-0.355454394192809,0
0,0.157215566791457,0
0,-0.101034313586565,0
0,-0.13001682559211,0
0,0.256981377064639,0
0,0.195672242489036,0
0,0.180458173967408,0
0,0.15361204965805,0
0,0.330064053613835,0
0,-0.0881408747393442,0
0,0.0105574321947417,0
0,-0.067792237240664,0
0,-0.0597950885594741,0
0,-0.229359461427899,0
0,-0.183539593195805,0
0,-0.140601309814505,0
0,-0.0733938215581845,0
0,-0.146877230755875,0
0,-0.104969737270378,0
0,0.00554724170290031,0
0,-0.05296329647885,0
0,0.291227560280175,0
0,0.321680689115333,0
0,-0.0332101083254752,0
0,0.139367675397571,0
0,-0.0966040253400712,0
0,-0.230391919742326,0
0,0.101950513796041,0
0,0.0743471076936818,0
0,0.0447052423992893,0
0,0.0876218870497151,0
0,-0.0876379367757567,0
0,0.219061449083146,0
0,-0.0446429993627888,0
0,0.145871738116991,0
0,-0.297048323124954,0
0,-0.057387794013348,0
0,0.155425281640729,0
0,0.161074344052419,0
0,-0.172704590659721,0
0,-0.226767637982727,0
0,-0.0106202955557425,0
0,0.0105091940067637,0
0,-0.239118490409413,0
0,-0.136493408286312,0
0,-0.0118266534899377,0
0,-0.0322318713368958,0
0,0.0971320530437922,0
0,-0.064974266994779,0
0,-0.0985149638119354,0
0,0.177512570586698,0
0,0.152113929036445,0
0,0.201988235344743,0
0,-0.0426307477754482,0
0,-0.0148466494122357,0
0,0.155905536494672,0
0,0.0778628401207454,0
0,0.180559244645974,0
0,-0.10253709779737,0
0,0.131115282891292,0
0,0.057728606995422,0
0,-0.0368661352497077,0
0,-0.297095874551965,0
0,-0.133713000677057,0
0,-0.0709473725229766,0
0,0.213867541044988,0
0,-0.17881198044886,0
0,0.204844525505958,0
0,-0.243765898240269,0
0,-0.051112905248235,0
0,-0.021384396425263,0
0,-0.078002741008745,0
0,0.0375524774087141,0
0,0.257977470264932,0
0,-0.164023320050046,0
0,0.0870454598002151,0
0,-0.0761040523644138,0
0,-0.135068672265934,0
0,0.280767040375024,0
0,-0.0553842299893121,0
0,0.042318425699681,0
0,-0.284827480386033,0
0,0.118933437022111,0
0,-0.135127096817062,0
0,-0.0242401922191841,0
0,-0.0186946921610972,0
0,0.237806631266905,0
0,0.0519452566454518,0
0,0.236399411917257,0
0,-0.342968452917966,0
0,-0.0929508107923744,0
0,-0.0380895471934048,0
0,0.0128046403216711,0
0,-0.0757378883250912,0
0,0.173403620390857,0
0,-0.0472716896146073,0
0,-0.0935698791760468,0
0,-0.0279974726955699,0
0,-0.171809056852726,0
0,0.00400559683265844,0
0,0.239809981320526,0
0,-0.110083157010511,0
0,0.148396255853745,0
0,-0.132003269295259,0
0,0.0648159796861929,0
0,0.216674089216546,0
0,0.0206618484345406,0
0,0.15897643829644,0
0,0.0816332207737911,0
0,-0.0572983247530111,0
0,0.184459981277489,0
0,-0.00521872559333246,0
0,-0.0192124132943018,0
0,0.0901635332596595,0
0,0.0085350381769993,0
0,0.042235261795014,0
0,-0.011870137426041,0
0,-0.0823772593837857,0
0,-0.0583634735618691,0
0,-0.0714342752230475,0
0,0.119902531798262,0
0,0.0248264733915959,0
0,-0.248895009903119,0
0,0.0631679703532397,0
0,-0.147730225075933,0
0,0.176091671917451,0
0,-0.00528358402670212,0
0,0.00580293927549836,0
0,-0.0856115803945409,0
0,0.0172836536735135,0
0,0.00931396966026691,0
0,0.0517964744787703,0
0,0.200630098481409,0
0,-0.155200047746265,0
0,0.0792354009024963,0
0,-0.272675788253694,0
0,-0.00837659567338577,0
0,0.111164509945074,0
0,0.0381684971882051,0
0,0.0755382316648274,0
0,-0.16218285404782,0
0,-0.087548724060271,0
0,0.0678092783535038,0
0,0.131817945466893,0
0,0.0726659901253321,0
0,0.125604477815936,0
0,0.0591444473167566,0
0,-0.14121285269242,0
0,0.150611641395557,0
0,-0.103941607314871,0
0,0.192581074303722,0
0,0.0874617713718333,0
0,-0.203261718920259,0
0,-0.0861374901822071,0
0,-0.126108109225405,0
0,0.103099983785911,0
0,-0.0671931592242948,0
0,-0.177879869618326,0
0,0.0542144930659951,0
0,-0.0307369968453797,0
0,0.00832495998791554,0
0,-0.121009345857459,0
0,0.0508205898466478,0
0,0.189144740224735,0
0,-0.175951363992001,0
0,0.212394685021611,0
0,-0.0271124848369581,0
0,-0.0155370503560698,0
0,-0.141641603185724,0
0,0.192477836942485,0
0,0.115021309560539,0
0,-0.0457050176805321,0
0,-0.018216059869856,0
0,0.174050179627004,0
0,-0.0720785966808683,0
0,-0.00977025143104342,0
0,-0.165707334954749,0
0,-0.295388450722171,0
0,-0.036639618532945,0
0,0.0758816808967523,0
0,0.120856965687049,0
0,-0.283979362638115,0
0,0.0468340773832673,0
0,0.184472949301511,0
0,0.22730568865458,0
0,-0.064510446249277,0
0,-0.00765295013531602,0
0,-0.281588416084828,0
0,0.00789928101739599,0
0,0.125232505757665,0
0,-0.169378825352881,0
0,0.00830425847415998,0
0,0.33773942425916,0
0,0.159738077440422,0
0,0.0810060991483679,0
0,0.0242644284843628,0
0,-0.0428272113752482,0
0,-0.0250805596107075,0
0,-0.148726304430986,0
0,-0.235665762701042,0
0,-0.126038925039844,0
0,-0.154219423345927,0
0,-0.00322337072794753,0
0,0.298197601609517,0
0,-0.0188241958139772,0
0,-0.20773147427512,0
0,0.265516964997999,0
0,0.116152261149035,0
0,-0.288179443269047,0
0,0.0371091999320699,0
0,-0.0510303353787433,0
0,-0.206491961609157,0
0,0.111176943613318,0
0,0.219281231544343,0
0,-0.00419852312802889,0
0,0.11752152499921,0
0,0.376373264975501,0
0,0.0354049977954194,0
0,-0.116360331143842,0
0,-0.161320327020515,0
0,-0.0700072576421332,0
0,0.0831649736039484,0
0,-0.205876081275848,0
0,-0.100524233652761,0
0,-0.114039675931139,0
0,-0.104139238939826,0
0,0.261073046235886,0
0,0.290872497146758,0
0,-0.119544393631387,0
0,-0.36110008774432,0
0,0.034678384677944,0
0,0.0363250129162359,0
0,-0.212322769282023,0
0,-0.0161986106508668,0
0,-0.123273471841359,0
0,0.129336008354224,0
0,-0.0446334691566002,0
0,0.177820406382154,0
0,0.165180827831933,0
0,-0.0818822844768143,0
0,-0.119975378547168,0
0,-0.061819135940287,0
0,-0.020641331964977,0
0,-0.0944677635912038,0
0,-0.107484929006804,0
0,0.289423631358316,0
0,-0.176117817386399,0
0,0.0643732422464302,0
0,0.0617312802404541,0
0,-0.110466258031774,0
0,0.0424644202799933,0
0,-0.168167794733327,0
0,0.128655159630665,0
0,0.0235777398841394,0
0,-0.420270251166017,0
0,0.299008948002851,0
0,-0.11175425682219,0
0,0.0293809905503571,0
0,-0.0784998929556833,0
0,0.147583113348844,0
0,0.384236156804977,0
0,-0.149463545818008,0
0,-0.0749303781512527,0
0,-0.104717767205987,0
0,-0.0399550242548223,0
0,-0.23715951456087,0
0,-0.0714147690901137,0
0,0.129159366487829,0
0,0.163515225181475,0
0,0.178860916980375,0
0,-0.0275901911486777,0
0,0.0270019728399535,0
0,-0.120351843146753,0
0,-0.134952591967003,0
0,-0.0596701353545815,0
0,-0.145352049261835,0
0,0.278548640892452,0
0,0.0955226901284458,0
0,0.0855146299000214,0
0,0.039846750382679,0
0,-0.199555100312934,0
0,0.248787105949377,0
0,-0.216950001248849,0
0,0.363629797967596,0
0,0.0248486024727042,-0.0600364934979717
0,-0.0203543808376562,0.0572563221219222
0,-0.504970882222342,0.180268347785394
0,0.476737152420381,0.0674926488472998
0,0.0483669590232269,-0.304091411667809
0,0.00356628054412459,-0.188607533294017
0,-0.0221730761273507,0.240403457215994
0,-0.47984314286043,-0.243169791813057
0,-0.0384973275892966,0.254034760191348
0,-0.417917183754556,-0.375874949492504
0,-0.0497806403823998,-0.00773353339103831
0,0.0278573431974899,0.0751717507316157
0,-0.0830848872543275,0.0229088214217774
0,0.121735381331024,-0.0825391528108834
0,0.0432143389222529,0.229759728475601
0,0.306598498901178,0.0472603258316491
0,0.222777355047309,0.202483670226544
0,0.124789083771854,-0.349306200761721
0,0.0683622416096396,-0.163850752144115
0,0.223842001815694,0.138117056670229
0,-0.111372822861695,0.0864206527527594
0,-0.225065729219074,-0.211975514380606
0,-0.216999033745134,-0.00776520741940261
0,-0.152506023402242,-0.0922834198341551
0,0.0678657098398411,-0.103113596066942
0,-0.17726716560031,-0.182521554787892
0,-0.154185586938959,0.071777507545831
0,0.351627058226073,0.219691985844226
0,-0.192849367818921,0.0982120458491617
0,0.192618506095292,0.108245049228433
0,0.0834581228367069,0.107876974372867
0,-0.156862935202024,0.053330986603606
0,-0.0113918663277312,0.236250892635396
0,0.31566024415903,0.0181971826125057
0,-0.0641954640304813,0.0290545173733089
0,-0.108448076560599,-0.0677396143263853
0,-0.157099951590569,-0.15880804616378
0,-0.157996709952984,0.131438427412441
0,0.193459807698039,0.232763513314516
0,-0.0423899852081058,-0.231096906268873
0,0.0476565760138428,0.136783226351252
0,0.126786093863416,-0.104840878105368
0,0.13122392174037,-0.0213809773850568
0,0.103547977160393,-0.0936299039658302
0,-0.0284999837005345,0.142533879163834
0,0.3727222087732,0.0229609558350555
0,-0.273383136093217,-0.0943228617162968
0,-0.224200946536906,-0.282554856132038
0,0.189876648148233,0.315490358875989
0,-0.209382553360796,-0.142580120362639
0,0.198658066781006,0.045529878281881
0,-0.143955685218051,-0.0855366168662942
0,-0.249044594317127,-0.251299606947937
0,-0.105931897437444,0.107824505774244
0,0.0746155258288607,0.0287474700232701
0,-0.274913337838709,-0.0255900313417544
0,-0.0443237352930628,-0.266320421860901
0,-0.172708284169246,-0.0984564498391742
0,0.00383140120896324,-0.0882881273026387
0,0.0364827562974041,0.221046283804724
0,-0.0769354543460106,-0.193211166135207
0,0.149980454824119,0.260778917244693
0,0.0996112714458397,0.0441985186642805
0,0.217018598616502,0.141156163251994
0,0.491322994520828,0.210596460685726
0,-0.166170871293224,0.00389426914120961
0,-0.0534913410459886,0.0146103725893437
0,-0.0518827888778309,0.0273022686032768
0,-0.0689500824662241,-0.0655280687365489
0,-0.261689431719964,-0.161137717284543
0,0.0986239289960564,0.00495011481334794
0,0.312694471382877,0.133759106008349
0,-0.13547205135386,-0.0734636709825329
0,0.295754585182088,0.227588386416826
0,-0.168143193117569,-0.104673059977443
0,0.165561614552711,0.0529284996666312
0,-0.165877253382321,-0.107052249858444
0,-0.0139773711998374,0.043246854680388
0,-0.0115334822434683,0.0126485211443679
0,-0.119872556231685,-0.142928599005169
0,-0.00988037749631362,0.0217254919610443
0,0.133937862415241,0.0993466850000426
0,-0.0134228229106147,-0.0654404891551436
0,0.070286823762543,0.0103780100389684
0,0.0582740680869814,0.109292932244479
0,0.298121159830607,0.15602830513677
0,-0.161098525688089,-0.0226321057987948
0,0.184896808486816,0.194406094227521
0,-0.101761223637848,-0.0339880560992591
0,-0.102982099528283,-0.0774221987485771
0,0.0422191222212128,0.0335574731464419
0,-0.0164728634938503,-0.0883483153449959
0,0.00449056862700178,0.108246888215502
0,-0.0865843095375062,-0.0398328915388894
0,0.130988001855177,-0.0342779481408288
0,-0.156962151162093,-0.0693680713495801
0,0.0196920660128924,-0.0354491475934756
0,-0.160067400294904,-0.0704239483430922
0,-0.0790485362144571,-0.0182200998721824
0,0.235357358066043,0.0261400230927815
0,-0.100952158144452,0.0416756226993253
0,0.289352778978496,0.0761081159694103
0,-0.0664269534604589,-0.0973739843277005
0,-0.238653793896081,-0.0932183288935525
0,-0.0212000446651474,0.0659693268407897
0,-0.0913403526591578,-0.185390163535962
0,0.261411347644651,0.0344191881652524
0,-0.196250886774331,0.05887083215414
0,-0.128889359889554,-0.0660911815879594
0,0.150232542108493,-0.0288419129203181
0,0.230317194479742,0.236237368268031
0,-0.22577117175816,-0.210474237397878
0,0.144147788690715,0.236377438560917
0,-0.144760491877428,0.0597749505864306
0,0.0575816117392641,-0.0591799437404558
0,-0.187001461689844,-0.175343840640084
0,-0.0394469522503549,0.0664696826532888
0,0.159802960572486,0.0233307998468835
0,0.397063030000348,0.18167526558747
0,0.133318292922265,-0.0485053476523561
0,-0.0810719793874417,-0.235479935476795
0,-0.162307069690407,-0.245813810836766
0,-0.027268868241431,0.0615333417709191
0,0.0434693859057033,-0.0216606103999953
0,-0.272026234886087,0.0943140342877458
0,-0.128213700554604,0.0106714989715668
0,-0.0639464881158505,0.0237548307606626
0,0.0792195075132281,0.157826141630499
0,0.0264377708864771,0.0524997515704247
0,-0.112730875463252,-0.0715130857424883
0,0.045248692077942,0.0588445080619875
0,0.200658426300119,3.7606244050479e-05
0,-0.0394781062414529,-0.189510123110806
0,0.375576875996186,-0.0450258938740552
0,0.0579391322397326,-0.147082367677543
0,0.0103034956982801,-0.0734170647518374
0,-0.436470504517197,-0.192470967367176
0,-0.15468646353328,0.058800984379327
0,-0.0438779800536155,0.0478301232081116
0,0.0272255392315547,0.068160020755888
0,-0.273146986669401,-0.049682552150409
0,-0.00592486429632731,0.181938637912628
0,0.08044776346607,0.176001473118093
0,-0.0933605448094743,0.031055489232231
0,-0.0932919897476654,0.0174417476106885
0,-0.164614521722162,0.0357063538308358
0,0.0873829923122746,-0.0665535652209269
0,0.0878742225021561,-0.260010339421648
0,-0.171578318575745,0.0930362653387385
0,0.0248117943513944,0.394721831360426
0,0.631456894981219,-0.315480643725246
0,-0.149537880439393,0.205626803583939
0,0.163429879045902,-0.329162742987591
0,-0.254303473114497,0.323032692831122
0,-0.229070061131492,-0.208102371724866
0,0.231607450007719,0.182526734695346
0,-0.138695141112344,-0.173187245587088
0,0.196316902751784,0.0152416008388977
0,-0.197619910150173,0.0130049999443412
0,0.06438233569062,0.273758144664333
0,-0.120245287650176,-0.116013068285659
0,0.114352542400169,0.114540467539864
0,0.0199552105435205,-0.399514411683466
0,-0.134120728874256,0.279646992637308
0,0.139835873509823,-0.272012919035482
0,-0.0446125932765894,0.543028527564945
0,0.157533577654558,-0.418966015255281
0,0.0740453748006947,0.116212430959648
0,-0.170670697880093,-0.380766576134845
0,0.0430012003127548,0.191334239112252
0,-0.27306119005177,0.117291681336291
0,0.245437819539052,0.168211787343099
0,-0.115338087771632,0.0194116299267692
0,0.0286498751046804,-0.285802842687904
0,0.189815252162503,-0.104650033308775
0,-0.320169966728081,-0.0785656169171531
0,0.124748562989733,0.0598210953972011
0,-0.000882578443985504,-0.083721252929514
0,0.0149720906154355,0.147298802525576
0,-0.251869137323832,0.139445902567244
0,0.0450947187557588,0.134979742477865
0,-0.260710345503171,0.256684804241809
0,-0.125450358181946,0.00296978953033259
0,-0.353031592851665,-0.175067114877565
0,0.096272219047612,-0.338308270090137
0,0.322062098996341,-0.0510738081060782
0,-0.0446665388704062,-0.00929901433174024
0,0.194051977973513,-0.0274468476264033
0,-0.199562415616054,0.112317356642296
0,0.0540624547189204,-0.186186820286792
0,-0.115016677715934,-0.0192807626885693
0,0.00930139250043322,-0.167944183547351
0,0.0545211533826229,0.162435522303375
0,-0.0628934251764389,0.0333476680361909
0,0.126913464159387,-0.378929039785428
0,0.108016537946357,0.249621237308125
0,-0.0531724916738253,-0.0308256006110294
0,-0.226682582082703,0.0880336948232829
0,0.158427112951057,0.0883480199503538
0,-0.0973718395270927,-0.232017080790367
0,0.103155259488599,0.246014894741994
0,0.231362024692176,-0.0209836674286928
0,-0.290404239971535,0.210089484937202
0,0.191617881114802,-0.00676694616275459
0,-0.158614501180909,0.0134888358312408
0,0.0639474190725832,-0.13160626254956
0,0.0557244935738776,-0.105556738095823
0,-0.0170811753911424,-0.0129847484938745
0,0.0713307361107142,0.0281494618828687
0,0.234494949757735,0.226037490909281
0,-0.0422206368204281,-0.35387758788513
0,0.133346649813084,-0.163315880578424
0,-0.137642629421186,0.15058421817814
0,-0.0572791361616608,0.0963336130462922
0,-0.0925655607397471,0.162039932832702
0,-0.286272768846721,-0.00166417618068343
0,0.109892851191744,0.145007745220108
0,0.00643442465486359,-0.076725904603592
0,0.0715884238108806,0.336326354485002
0,0.321471416722087,-0.266352642689738
0,-0.129210613331621,-0.305963864491752
0,-0.227191609559865,0.156537632176914
0,0.0887946833012091,-0.357149925920173
0,0.216145375886016,0.0807312278549231
0,-0.325448459933404,0.354104068055608
0,0.230378383468893,-0.238780946922152
0,-0.0953022137238248,0.0914458134664561
0,0.0309995974805916,0.404354090696601
0,0.203603820305809,-0.397625656484417
0,0.0826781742508135,0.199663421720004
0,-0.345868221452851,-0.359104221785085
0,-0.000782443526477323,0.351229130323102
0,-0.282421337021273,-0.147728644996735
0,0.0882019959765423,0.103301551921769
0,0.260962208154697,-0.0931481295420863
0,0.0957014009305604,0.0769813003884312
0,0.0961953863925434,-0.0311176391823067
0,-0.199086602961017,0.392176347766834
0,-0.158433141402405,-0.375529609794977
0,-0.0401395074129224,0.129673911026
0,0.144440772910684,-0.484941050070803
0,0.232320440150612,0.194632060641897
0,-0.035033308717478,0.0587025951544256
0,-0.108384172773838,0.251813135083661
0,-0.268065245173069,0.0375905191782398
0,0.211510352801468,-0.148255841133799
0,-0.0657071008293692,-0.162839625295992
0,0.383487058124533,-0.013795488942737
0,-0.326347375056043,0.126972189466391
0,-0.27896641691713,-0.0326255249935055
0,-0.0359090611592251,0.207302422767471
0,0.0307930036744192,-0.209021680248111
0,0.574840377576547,0.111477913959828
0,-0.260238956061062,-0.282931194834109
0,0.210698120971838,0.171976915834201
0,0.0397914090763908,0.0740337687366035
0,0.245399398805577,0.0449846457332963
0,-0.131347698286814,0.207681496741744
0,0.180534391349526,-0.0978689964691098
0,-0.188612372244713,-0.155466724206696
0,-0.187334824010056,-0.133495152187559
0,0.277284364007728,-0.146710738040345
0,-0.487919506676976,-0.0628341296949917
0,0.0488447481962926,0.00891382634111557
0,-0.0108944157836316,-0.0276975692100898
0,0.0152270281565847,0.261324350211645
0,0.174010138194807,0.129488752907101
0,0.0922278225827866,-0.0922239656240386
0,-0.0117961752790946,0.0328358880999225
0,-0.402415559487845,-0.11138538198275
0,0.135890091292622,0.281763439401486
0,-0.016190258835907,-0.231727866630119
0,0.469046427255253,0.313048456584994
0,0.123325813024668,0.00120533220761958
0,-0.0070880533303187,0.238826479849658
0,-0.0261345118117151,-0.104799502623102
0,0.412113626501786,-0.0494849353383581
0,-0.217642383256678,-0.340824819576571
0,-0.380536346811042,0.0818244150650417
0,0.002988336491738,0.106605372152393
0,-0.233832521713062,-0.410078219572496
0,0.0155357780126289,-0.0448827445529494
0,0.0053012009344272,0.0929810448742907
0,-0.118724576008163,-0.269181804963793
0,0.453191974301986,-0.172661861338081
0,-0.0356441311170469,0.0561592831808604
0,-0.199171231532101,0.0954776450622596
0,0.221141263695229,-0.0831217405174158
0,0.0831757586326454,0.197820312937492
0,-0.208740432473133,-0.0685385592053832
0,-0.207617750754685,0.0291938803465875
0,-0.141737045327997,0.292750497909317
0,0.174521353136551,0.209217055047212
0,0.170350156152901,-0.197760228522801
0,0.0234733379693688,0.0348204037801483
0,0.290531185351281,0.10224578960446
0,0.0387816132108117,0.235024334733417
0,0.174104767710504,-0.246932378387725
0,-0.227101193631396,-0.189062391858898
0,-0.107382172922864,-0.0238530799965567
0,-0.0732680175945379,-0.047205459726753
0,-0.00999057188379492,-0.08785885057923
0,0.274154103407614,0.0968813063153146
0,0.0113438568665863,-0.230468351743969
0,-0.114098660253248,-0.2294903451396
0,-0.108829567481824,0.00220205385256251
0,0.106113609329588,0.40526172846953
0,-0.27770846154511,-0.36298047496675
0,-0.315115785972434,0.0174159165867686
0,-0.0900359674487567,0.403450340973833
0,-0.0223931024505609,-0.0629845547526567
0,0.240387581817712,0.101072688917331
0,-0.0613294529267573,0.0925460333615543
0,0.373613234565167,0.0839705613300735
0,-0.219933009613309,0.111858156359231
0,0.287927890854131,-0.117840367103526
0,-0.247405429995863,-0.097863920033908
0,0.091162657772536,-0.0961474158488352
0,-0.0916101150180403,0.094251452388318
0,0.0502763099748024,0.122935659086875
0,0.106781788785951,0.0696220927734934
0,-0.17212731386935,-0.0602346216090739
0,0.510192505026653,0.0627733491785652
0,-0.178721533211348,0.0976971923221531
0,0.0306176055510274,-0.243157907900859
0,0.030187225653076,0.232802320754299
0,0.313286171485544,0.1558861331742
0,-0.300879993340433,-0.270883642033233
0,-0.240198782396779,0.447677829198957
0,0.111076614217156,-0.0584045190024492
0,0.148889251631501,-0.125185741110117
0,0.191291332420994,-0.28217563811129
0,0.0815391952888988,0.313352690827716
0,-0.12029617495477,-0.0925644078418629
0,0.255005346830483,0.353923370395623
0,0.020773610052673,0.034771433204333
0,0.375896527835857,-0.340302739151557
0,-0.327714773595159,0.169967896118336
0,0.00243401047532446,-0.197085713258559
0,-0.457659410737284,0.311895898662561
0,0.202236741988295,-0.0529279041722239
0,0.0320386347800842,0.138162076040625
0,-0.306337127450356,-0.22801516276677
0,-0.148181946660631,0.252343897446587
0,0.221604972195355,-0.237293138340079
0,-0.188635432573332,-0.335072287223511
0,0.155639166554377,0.0850464045960244
0,-0.146671340426725,0.318916757393006
0,-0.084705240774165,-0.413447434760449
0,0.158297402350934,-0.19763917682271
0,0.477073312380777,0.251794693814481
0,-0.0455294142048546,0.273372562253327
0,0.176946315650772,0.08951155974565
0,0.205024301013914,-0.280777743856079
0,-0.211209987708767,0.034100259883056
0,0.0847000031022299,0.266917168762503
0,0.180181365346763,-0.223589692569973
0,-0.194542755362169,0.165001692329993
0,0.0070655432353185,-0.0835859244796183
0,-0.0974852269395185,0.156750782709486
0,0.0939492607023783,-0.318152965267116
0,-0.0221135149321205,-0.0177899654733711
0,-0.379287720540393,-0.203557783088256
0,-0.276235534067774,0.172808059003323
0,-0.0702093893592277,0.0714347889244196
0,0.0403629532439028,0.160232133812604
0,-0.0140001577651123,-0.061928146686287
0,0.315536551316689,-0.33600511167083
0,0.260752410326898,0.371896086644245
0,0.0486454084046855,0.153489614450669
0,0.103657311203193,0.19590995566522
0,0.272017304891346,-0.341092334429758
0,-0.313639008669205,0.498553855221291
0,0.071299867686302,-0.148361635837781
0,-0.0736308559830361,-0.126593908973624
0,-0.456347483993625,0.0881012575445369
0,-0.156961549324393,-0.0582654117366387
0,0.0706126908774944,-0.281052620912958
0,-0.0414295625901574,0.418212607088361
0,-0.262739908339529,-0.254228821433746
0,0.456961264821528,-0.109155651911492
0,-0.0656299249281051,-0.264163027565988
0,0.0496464723114675,0.341443162322052
0,-0.0489046467017147,-0.525337925942719
0,-0.332664359792117,0.361912139153793
0,0.304403143105702,0.119774077479158
0,0.0609556601316271,-0.00837157320874648
0,-0.0609853371252248,0.0334999966377701
0,-0.131390382553371,-0.105984671968555
0,0.158335140730097,-0.0440619914779538
0,-0.239086724722576,0.138282482325035
0,0.226182523800245,0.192936617340668
0,-0.174399640418798,0.20008386094925
0,0.179616672394885,0.0719340893269689
0,-0.159349948172683,-0.174921304406994
0,0.316581887378427,-0.115424196063301
0,-0.110395475966172,0.156912078383019
0,-0.382671389205143,-0.0530726856619804
0,0.168065835463711,0.0337689679247349
0,0.0657205605313311,-0.268462222133881
0,0.264357453151212,0.0362382220260083
0,0.0869425763652447,-0.271077925895034
0,-0.331266218741959,-0.109061791633259
0,0.0365707085030719,-0.0808445692539585
0,-0.0390318403189201,0.0486730498787809
0,-0.3092355780274,-0.150235774150814
0,0.0592983475180356,-0.219512807492382
0,-0.0461927842716714,-0.0732734211585468
0,0.185362727527131,-0.193924035768373
0,-0.0699722402314298,0.0280949925503395
0,0.223645406971326,0.161772846226337
0,-0.247581942307293,0.0603333229063843
0,0.0190209644429166,0.117196537427275
0,0.130662654856036,-0.0278965580699631
0,0.273289228950554,-0.013704282346226
0,-0.0778766028140615,0.194310534120356
0,0.313204494740011,-0.216015206846203
0,-0.225410853819164,0.203547649860672
0,0.205446613066078,0.135057712127337
0,0.271765294416452,0.287570661885078
0,-0.360394579509098,-0.182636992662904
0,0.358531033116473,0.0604391478217116
0,-0.0849646715150609,-0.258738610154539
0,0.0213482671032957,0.411281299905491
0,-0.286278524651865,-0.0459388934498419
0,-0.0657641744437304,0.141951296235387
0,-0.112084681226909,-0.119339779467879
0,-0.0270064805304297,-0.224022882764883
0,-0.0850843456499677,-0.0722984558678387
0,0.395269872219385,0.121146469595944
0,-0.239690613016369,0.135077442332359
0,0.0556159678083466,-0.228496059516539
0,-0.323073049690729,0.202362371747617
0,0.00370510049939869,-0.0985020327846012
0,-0.271905602726635,-0.191071353868748
0,0.3321237944526,-0.149779860025384
0,0.348194780486591,-0.0441384951597019
0,0.429244287712493,0.0726104873766686
0,-0.267162550501108,0.31390930172873
0,-0.0626957181419933,0.0169992433367518
0,-0.199253467526376,-0.0530291493161169
0,0.0729333089020115,0.125263999174483
0,-0.297596763496955,0.0100317934916456
0,0.526880791085113,0.225670541914339
0,-0.377940185836784,0.139908531982201
0,0.0573017450918319,-0.161808311567972
0,-0.190821175691797,0.362685448846337
0,0.244795318598018,0.0635119080943611
0,0.119468138666156,-0.120381027828129
0,0.204902232134444,-0.00396940058209216
0,0.189260288395344,0.238304831295863
0,-0.0341558179152824,-0.51850615782153
0,-0.0943809348766287,0.549456988520761
0,-0.119574037688888,-0.415418772959852
0,-0.00290642164703958,-0.111536466249236
0,0.1430559211366,-0.00939189683729866
0,0.161526880485406,-0.152223498948412
0,0.190327689955416,-0.314591818050966
0,0.0354892903803871,0.461938579100074
0,-0.228218008664314,-0.261588736445404
0,0.213624697284927,0.232869091187753
0,-0.123650219484586,-0.275522197103964
0,0.077809449969834,-0.210606105284646
0,-0.174072058382457,-0.0313832688009424
0,-0.00290221556772352,-0.345379471806382
0,-0.303818276461629,0.48701039638331
0,0.137194322728617,-0.00190934514389107
0,-0.205553539944486,-0.201910772659502
0,0.0938040342895336,-0.0489376956903025
0,-0.189023849664319,-0.221911761404284
0,-0.149974316544638,0.504469638350829
0,0.0159217941188402,0.0911046780987078
0,0.0141062993744969,0.0610260851080337
0,0.364684446616994,0.17302269329009
0,0.0902007790218734,-0.0951921434051264
0,-0.0116554222662037,0.205175250683159
0,-0.0257401006871078,0.141910256175723
0,-0.10237164280981,-0.08345044811358
0,-0.0087843685509987,0.0686936327342128
0,0.213063582171884,-0.327342096228379
0,0.0278035868375946,0.0659356630327104
0,-0.12494874299274,0.0184247980286774
0,-0.0447803388358399,-0.272821930792825
0,-0.217454284425531,0.182190264626492
0,-0.243905236497677,-0.335422833817073
0,0.272899688522867,-0.0367690489804571
0,-0.199366191886671,-0.0470582718026203
0,0.306710599514733,-0.161273145590647
0,-0.251210557271758,0.362591631694295
0,-0.00776817405550479,-0.0670151886255785
0,0.0415839865439204,-0.035942727074918
0,0.221664431469796,0.0451055383162037
0,0.202758651635583,-0.176958338611388
0,-0.289779202324917,0.150449184767351
0,0.086640647511216,-0.122745734390575
0,0.0106266581455572,0.329410521338717
0,0.0862923847639787,-0.137619945548321
0,0.198779244004096,-0.126831767146655
0,-0.147748314494814,-0.0611218141187205
0,-0.0462221551979871,-0.140707940918366
0,-0.16145591670637,0.288667136539105
0,-0.0525970129696831,-0.0845868351003172
0,0.12841989200049,0.0470012862320521
0,-0.0361049793032458,-0.0696760585123284
0,0.143701268924216,-0.11514403736231
0,-0.517848751884591,0.0911680749129939
0,0.157176858446272,0.127172567645969
0,-0.0653107608752535,0.120821201181172
0,0.0849605163113963,-0.105626100936952
0,0.057000960095505,-0.217372092999571
0,-0.126690275551495,0.224373941132735
0,-0.107934979928824,0.00891099810280649
0,0.00627681017823783,0.041941227350676
0,0.0943827846382732,-0.0914573615663088
0,0.202058694553039,-0.074868234951391
0,-0.0413757356133703,-0.0708289299987176
0,-0.075035995971675,0.0755852943283253
0,-0.0985343917576516,-0.0971249355703151
0,0.00645706207648441,0.16222030158013
0,0.253713486099528,0.00848297181460081
0,-0.102913640772577,-0.299888848405939
0,0.0594819842831883,0.0971550679911248
0,-0.127643421249965,-0.121573153339157
0,0.131737560762587,0.307653623368539
0,-0.072983205820503,-0.0679592778822353
0,0.211068404623873,0.0298946467976332
0,-0.0380782675893156,-0.0867881819741667
0,-0.135369133345017,-0.211572553320461
0,0.255383033241,0.166180646457496
0,0.0871774401969837,0.0290222757739413
0,-0.00622594687999477,0.0349935843111658
0,0.13492319144455,-0.072513303737968
0,-0.287994105673277,-0.174752091165342
0,0.0356376583751573,0.0626715786664247
0,-0.0715850923061554,0.274834307547951
0,0.0383374792923438,0.160401222792389
0,-0.105201478389615,-0.101732764087564
0,-0.200649905759572,0.0320360297169828
0,-0.306391848294944,-0.263874019485161
0,0.36675401001223,0.362383759430013
0,-0.124366909849991,0.0594263187404223
0,0.0856398688568932,-0.105837341381667
0,-0.15132234079929,0.0233243889177378
0,0.123272232475296,0.0659871229142821
0,0.161099391911135,-0.0702746448634041
0,-0.0104677471611946,0.01843784022475
0,0.000660156944934764,-0.171483861443502
0,-0.043273180755523,-0.0810554957169257
0,0.170926874637766,-0.035223601794582
0,-0.258669971957943,-0.16443769356655
0,0.351384680868412,0.0810464207783286
0,-0.0547398541245193,-0.00673132373715436
0,0.16211052410027,-0.151246937001032
0,-0.24509595193975,0.207704043755881
0,0.0176905869401677,-0.145316367948328
0,0.0754236181217612,0.274716568382375
0,-0.0233390062618293,-0.106974889040194
0,-0.338694861399832,0.306601098693941
0,0.20344278300634,-0.0674411652859582
0,-0.172073793990303,0.12823323148277
0,-0.258802179440809,0.0535669213088886
0,-0.0110380134911815,0.170446113942815
0,0.0640771284476403,0.0275727110398203
0,-0.113773396315861,0.00640249417198285
0,-0.0024622648382155,0.228761018655461
0,0.0104582713730532,0.184735690038911
0,-0.137966190377363,-0.223980856103625
0,0.53396097179903,0.0691149174774193
0,-0.14090728508231,0.201274470845803
0,-0.0227721630379644,-0.0438942750728771
0,0.327529500465719,-0.0117627955007458
0,-0.0162170350931463,-0.292423276040164
0,-0.0783655402824756,-0.0728550730898568
0,0.34363106816873,-0.0247142390266022
0,-0.0116712164511645,-0.0642301441731567
0,-0.024428825085162,-0.196979528775121
0,0.391803478795953,-0.201126436507733
0,-0.00987578301986943,0.268142179601025
0,-0.0809510074271544,-0.377442291538589
0,0.171730973941849,0.130190135660307
0,0.0371465982020564,-0.239631648854008
0,-0.209481306041678,0.395598316512597
0,0.253910199975735,-0.276459949499927
0,-0.405891701933236,0.119164119676797
0,-0.0325692774108177,-0.036253810560379
0,-0.0560511491228131,0.342524498321958
0,-0.16869924264495,-0.226978922896291
0,-0.156485725836599,0.295955555786998
0,0.09315634692603,0.301603695975887
0,-0.204690584930256,0.215655349772474
0,-0.0769473880739107,-0.11580732268139
0,0.0701208996426431,0.0693013952395614
0,-0.433274731390063,0.172707866802259
0,0.26660357036374,0.29022295724703
0,0.0626680551419949,-0.0599708096023335
0,-0.026225205643252,-0.33727405841256
0,-0.189732554789281,-0.0107190833632384
0,0.429531574726613,0.175639740568263
0,-0.275976058757808,-0.300217110586603
0,0.398473677136313,-0.11211299655023
0,0.349028275150405,-0.0100807496584626
0,-0.0979748079309618,-0.0960627210664712
0,-0.011824762184365,-0.360903801008202
0,0.214633760442551,-0.0291175241930115
0,0.0673481596688321,0.165518412039416
0,0.179491569546432,-0.310276785073829
0,-0.324933862413024,-0.0512561025020773
0,-0.0524920457003911,-0.191388632832301
0,-0.274611553532505,0.201453304747857
0,0.00577412648321946,0.2760473236737
0,-0.0224784121533831,0.31876366042029
0,0.160336368745883,0.205242421056766
0,0.190334144296321,0.284333202328492
0,-0.0363971833525216,0.158949268230519
0,-0.155197210276547,0.225135106450238
0,-0.0675173324513269,0.16566431739048
0,0.164393233262033,0.378024263482288
0,-0.000188906515159176,0.0828481163478583
0,0.0811783029891739,-0.0691591693376089
0,0.0317555408818314,0.220959673177251
0,-0.376615374205274,0.180055016775732
0,-0.0588833795836848,0.148727609630763
0,-0.0833983327903473,0.17609570827002
0,-0.0294925433114576,-0.28804949083495
0,0.182100514951873,-0.331549937027897
0,0.13470705782755,-0.393712549742018
0,0.067164551989812,-0.158382894436571
0,0.0806877472642143,0.11086871065784
0,-0.00956218588577178,0.00606993005050439
0,-0.0476439839870112,-0.141206033887867
0,-0.0229982719839847,-0.0496921580367085
0,-0.257873205638954,0.0111791105124564
0,-0.360173333396499,-0.305242219383503
0,0.301190715643817,-0.220646348305961
0,0.172721548267301,-0.298127644882968
0,-0.0232504400130871,-0.116604889173955
0,0.533535415436828,0.00344221821688893
0,0.0296068740903742,-0.192579016431351
0,-0.20757681172695,-0.117252258277854
0,0.0416774979065641,0.234449396391587
0,-0.232465221252377,-0.0413991808737977
0,-0.0385743076638032,0.267402138857653
0,-0.292879043440267,0.214913739790948
0,-0.0360473674792569,-0.0814277594843273
0,0.322586716818591,-0.16898382818349
0,0.0799533767836586,-0.129555087909436
0,-0.245748580733702,0.214904114542202
0,0.15703428839283,0.254536538549883
0,0.0518457133906479,0.293087405356288
0,-0.176489035723882,0.0697191728237502
0,-0.00075011670969006,-0.0668790888091047
0,-0.117152463476761,0.16352943244481
0,-0.00262387012398856,0.162592824752562
0,0.272390468776011,0.185051041095316
0,0.0194339664968517,0.225792139324129
0,-0.029888295016101,0.26003436015947
0,0.15938392049462,-0.0927002871708057
0,-0.152275094623141,0.110894705929508
0,0.120017639445576,-0.268069246966901
0,-0.248472229802727,0.25200128191956
0,0.230429034113364,-0.543022455571269
0,0.0995325643229423,-0.109412731374215
0,0.233115762955134,-0.194897587765733
0,-0.0272180132024098,-0.0897476920967804
0,-0.129623366941975,-0.0675420436697028
0,-0.285699956721964,0.00399288546282523
0,-0.407280144179824,-0.221758013321035
0,-0.212909679345374,-0.164777951313606
0,-0.175096506526494,0.0196559154519872
0,-0.116284360050883,-0.0540488288355699
0,0.1103913088409,-0.158392299700583
0,-0.00961809697866982,0.0187475717178019
0,0.128617026085364,-0.0641453586600697
0,0.310404352516764,0.018240278228011
0,0.379322042606117,-0.100278788294048
0,-0.0591091640342946,-0.155807069074853
0,0.0261783346996633,0.00572687929105923
0,0.129437787879704,0.0537255828456888
0,0.188014160578392,0.0181887138929893
0,0.0544808535953469,0.0920062254809941
0,0.0376721567875566,-0.131349010273085
0,0.1706739752543,-0.126312591121871
0,0.0374041215298112,0.282076709469582
0,-0.30364190622834,-0.00502627254985366
0,-0.260422307590451,-0.0712561246674408
0,0.246256211340883,0.215385760248711
0,0.177434263774447,-0.175185437739244
0,-0.138856211173897,-0.12115225811088
0,0.145478963484723,0.0901562492343597
0,0.0235317735299078,-0.129800395987593
0,0.256902215468011,0.202968962710536
0,0.0155576195833833,-0.463395478068484
0,0.020782423587492,0.274788145247877
0,-0.257600508900885,0.0975879726361625
0,-0.240741880799934,-0.550075646152166
0,0.0718734024552521,-0.125290000713113
0,0.146847548832335,0.0839180803772577
0,-0.188662823658286,0.109925412208131
0,0.0371102747006835,0.0530874510667897
0,0.161074322916995,0.18598738531478
0,-0.319853525607122,0.0173283685421577
0,-0.191282145259064,-0.0853620077295353
0,-0.0702520873056935,-0.270020884947525
0,0.0016501296314516,0.145511569322348
0,0.0488945782808204,0.0243302958515816
0,0.181853882471183,0.391060502749218
0,-0.161865780021074,-0.146940360664428
0,0.153938438934577,-0.14811966600191
0,0.263740988628608,0.102655246604498
0,-0.137875875853401,-0.010898193498935
0,-0.0624699266945255,-0.00990456123863358
0,-0.00237707547809504,0.0807381739987063
0,-0.070440414080542,0.03397005560892
0,0.0357971168988797,0.137108735477993
0,0.0772259770992964,-0.17774249392819
0,0.0319703891573384,0.221069649507878
0,-0.352160837838072,0.0732293934879858
0,-0.056214226646251,-0.119375795467888
0,0.169157620852505,-0.150055017764271
0,0.0195160631657342,-0.21083294412236
0,-0.194023404182095,0.226744235015806
0,-0.23076017937798,-0.0396219236765941
0,0.283295246528748,0.00748999424131383
0,0.213618360498526,0.0504559611730886
0,0.0456476362567321,-0.0400114486334582
0,0.0178903675763094,0.0653449815237706
0,0.0800822890444638,-0.0502437724777043
0,0.0347064908344547,-0.363238138912517
0,-0.13297186050218,-0.166776531368252
0,-0.249358669885534,0.188283128132804
0,0.228687795797386,-0.0530121302857094
0,0.0468763177884917,0.0463732273771927
0,-0.0025868246798775,-0.128402515970672
0,-0.278491158798108,0.247983666461958
0,-0.0680980488497211,0.0392768664279885
0,0.101615390861016,-0.035261970877999
0,-0.0862860183717752,-0.108618907039817
0,0.070206638870884,-0.0448627366787049
0,-0.0742714905797504,-0.041543295908081
0,0.228287842457535,0.272900022858279
0,0.0940035655145345,-0.395962079842391
0,-0.0337985574106289,0.138196920839994
0,0.187850205081506,-0.12639305392026
0,0.233379563905093,-0.128285312154836
0,-0.299387225342639,0.166358303527551
0,0.561301052518969,-0.290478242938631
0,-0.157689255919366,-0.0617939195524022
0,-0.121406722660595,-0.127935600720673
0,0.243438500944166,-0.126600945523486
0,-0.209981778971612,0.234830638258408
0,-0.022576109900269,-0.29969841803364
0,0.26900067050779,0.0598612867508459
0,0.000365959399285664,-0.222825379193994
0,-0.454698985893309,0.0475286900801393
0,0.253643341132715,0.435731718775199
0,-0.324900346551499,-0.501424291151528
0,0.188415681456589,0.13858980867316
0,0.289886252079715,-0.13372383412663
0,-0.152992918088306,0.0331999573085862
0,-0.298355307251213,0.284389884254897
0,0.209884094559275,-0.127187354989819
0,-0.262660504401747,-0.327516623163915
0,-0.305320705510164,-0.0618253789293468
0,-0.0801964823725594,-0.207113443661871
0,0.00262750872396759,0.152161689808693
0,0.120347645608781,0.0310361503348917
0,0.168309230918904,0.21459841968267
0,0.321001880738965,0.300498105826193
0,-0.22103467750044,0.309582689461287
0,-0.142646925804118,-0.0254214747584662
0,-0.0264866881331078,0.177807174438925
0,0.0408202022472238,-0.225510737618738
0,-0.0488925309906593,-0.18950805604287
0,0.271525631729988,-0.0505305313630501
0,0.137870942746016,0.333326628108907
0,-0.0276240266002574,-0.25524312916748
0,-0.160062794946185,-0.0630341148503642
0,0.0641530466510919,-0.35676529235025
0,-0.0301960816992504,-0.265917204809133
0,-0.241015598000877,0.199193274547086
0,-0.17355374482371,-0.177329214075822
0,-0.0391278128630267,0.286510641510575
0,0.121284803013032,-0.0387148600439921
0,0.158967436222748,-0.574842094491595
0,-0.17192572697454,0.596180089158904
0,-0.0542087455630525,0.148024421703704
0,0.270197524891457,0.106877887990135
0,0.2126162823641,-0.148738308931524
0,-0.146835791626768,-0.0282211640013508
0,0.133083973049498,-0.174797126127662
0,-0.111797805790869,0.328167336429087
0,-0.341909933338812,0.207768628406334
0,0.0989406586986285,-0.456498836664574
0,0.0407506831259501,0.0855476718535737
0,0.269451579174409,0.302365736783007
0,-0.164389313327731,0.086419304323838
0,-0.0356993335131443,-0.216194405609527
0,0.190546863925162,0.41641730489165
0,-0.1942210032859,0.176391367041671
0,0.0450397884746504,-0.287120254236483
0,0.176378763626526,-0.336319835239327
0,-0.101382062835079,0.225085922529666
0,-0.451079848007206,0.343590828612219
0,-0.151935171582714,-0.00500747684894214
0,0.0643142929919801,-0.219421011362527
0,-0.13959729331649,0.416758151943799
0,0.104836125412602,0.177429287147766
0,0.366375406198683,-0.0033511941632778
0,0.170923580872967,-0.0100125085581709
0,-0.237620905410274,0.136603266978796
0,-0.209724206517089,0.0918737612475152
0,0.227052128378081,-0.180521127290049
0,0.0969424577535636,-0.325427319590917
0,-0.44980972896383,0.0998495108338436
0,-0.305411287396804,0.0731221051839151
0,-0.282667272889349,0.0998086112494803
0,-0.0777832652604766,-0.0375490760467531
0,0.144145690426447,0.327149479179909
0,0.241467334954247,-0.169518687498328
0,0.10335336537221,0.071815105474533
0,0.265028993395854,-0.0202800573432993
0,0.0368135321601456,-0.299320058594571
0,0.00688318868185356,0.177351760818403
0,0.0737792022355125,-0.161591294015196
0,-0.402449613507308,-0.229780711483696
0,-0.0102860981949741,0.302706087426776
0,1.56174357923566e-16,1.17967550665199e-16
0,-5.95414739583596e-16,1.4815765432254e-16
0,1.13226409494586e-15,4.53881727715364e-16
0,-1.01513332650318e-15,-6.75942142887935e-16
0,7.4182820013694e-16,-1.09810095415007e-16
0,2.34261536885349e-16,-3.90435894808916e-16
0,5.31289737555763e-15,-0.141170814887756
0,-5.42722515429695e-15,0.13642127793126
0,-1.27837602375235e-15,0.300112274601006
0,-2.43610663153457e-15,0.0678197451325632
0,9.5056397583044e-15,-0.502119147117741
0,-2.20010760398002e-15,-0.228920189852503
0,-6.20909115213882e-15,0.521160785282473
0,2.51551341423628e-15,-0.439863244664099
0,-2.14302614097334e-15,0.213554782374754
0,9.89357898361908e-15,-0.414172944949987
0,-1.90637991555181e-15,0.285013364187877
0,-2.19490345396553e-15,-0.297093785124444
0,6.22907089852705e-15,-0.316613763994839
0,-1.69514270854801e-15,0.338533817433125
0,-5.39689139631803e-15,0.367346678789546
0,7.86299844067119e-15,-0.0396754939823706
0,-8.7731527283914e-15,0.199227141201954
0,-1.12312516881919e-15,0.092291577325697
0,-1.46042333171948e-14,0.633137540434096
0,1.31872976309824e-15,-0.592543223639441
0,2.91273422816733e-15,-0.116385523908876
0,3.13727456005229e-15,-0.0193124358891148
0,-9.38322497396327e-15,0.352928772747455
0,4.40553908669421e-15,-0.0141920686830347
0,-1.46605056292739e-15,-0.426653276612083
0,5.15806233258251e-15,-0.0497828957820643
0,-7.07974376840831e-15,0.032521437846444
0,5.76410435045678e-15,-0.0508208613746762
0,2.33736324171093e-15,-0.206998402563908
0,3.85628724345028e-15,0.0214982934171091
0,3.60861519632301e-15,-0.320472473575018
0,6.22302961558132e-15,-0.29172084014594
0,8.46949442606232e-15,0.0717041300014468
0,-4.60746288497753e-15,0.411006004638663
0,-9.98060156291626e-15,0.398011820114914
0,2.20482401445192e-15,-0.254355519985752
0,5.01541912587484e-16,0.0600807771143344
0,6.6606358519497e-15,-0.206351376431201
0,-1.71641722301887e-15,-0.157563958206466
0,1.26101095084731e-16,0.0407092345607824
0,3.48822205764112e-15,-0.185359177833055
0,8.97387735911698e-16,-0.273599840731913
0,-4.34566392873823e-15,0.319846761179886
0,6.61884807127718e-16,-0.398160142263315
0,-6.27192257248001e-15,0.228617852213991
0,1.17818868812707e-15,0.134439644914258
0,5.46029746238491e-15,0.0641829320624272
0,4.3123860841761e-17,0.172282684729826
0,-2.88461251925675e-15,-0.279476840004317
0,-1.59938952069223e-15,0.138468352319064
0,6.64283101284847e-15,-0.498889653054395
0,7.94294237358601e-15,-0.0273253094239946
0,-7.60877206996246e-15,0.257625730269631
0,1.18228124699455e-15,0.243920655329936
0,6.81806642124956e-15,-0.263522630897373
0,-1.13625060518433e-14,0.56624762977099
0,7.18667992773238e-15,-0.637376680940861
0,-4.33148638020503e-15,0.320815968477629
0,3.90450073846844e-15,-0.467969682133025
0,4.05241372164634e-15,-0.130397152713789
0,1.59888886065027e-15,-0.249942986652969
0,6.31833829357685e-17,0.246878527577242
0,-7.89309151246008e-15,0.325755260271849
0,6.8653900773801e-15,-0.346476774472405
0,-1.43853822498087e-14,0.311080851361068
0,5.54916607199299e-15,-0.412037437129861
0,1.73604915850037e-15,-0.149210452814456
0,8.03000924375928e-15,-0.17100125705734
0,-1.13602213575465e-14,0.315911399415133
0,1.65340212307133e-15,0.159302594487399
0,-7.64110081634374e-15,0.149947518762158
0,-2.58557884344869e-15,0.0155999279691301
0,-2.46059643275342e-15,0.105629685303812
0,4.57115054757145e-16,-0.200591516907833
0,3.81116334888147e-15,0.176312668174341
0,-2.68140382013095e-15,0.0402729420733465
0,-1.87663916008876e-15,0.484836173230542
0,-3.71201255374405e-15,0.0551974876481352
0,-3.05934965064747e-15,0.192924361694004
0,-2.25567440838809e-15,-0.124378255263478
0,2.07231286228376e-15,0.284258893316348
0,9.24040276062524e-15,-0.296128426317008
0,-3.18935474722555e-15,0.270910333332654
0,-3.33213944643355e-15,0.271009696081836
0,8.41655210274362e-15,-0.246018468885221
0,-5.79406248308219e-15,0.255654017830176
0,9.00365095573406e-15,-0.60909878583674
0,-2.01888529415866e-15,0.264035130566632
0,9.40251027143638e-15,-0.51481273797373
0,-1.33042419272036e-15,0.191295664372916
0,5.42793544664861e-15,-0.249262285946766
0,-1.07412812184559e-14,0.615613063599688
0,5.03011736680925e-15,-0.325306489692715
0,7.00065571618103e-16,-0.309143372357227
0,1.11035807710509e-15,-0.0345234244633117
0,6.56261936122908e-15,-0.262340047107587
0,-6.04299128149135e-16,-0.299688998540218
0,1.71084763138741e-15,0.283554656160933
0,-1.05485274374144e-14,0.170653196932122
0,8.6983917588509e-15,-0.245303362297692
0,-9.99706116207059e-15,0.0759204629295714
0,2.24551815118404e-15,-0.0592747751000392
0,3.31878769281413e-15,-0.381808465552658
0,8.34496925955233e-15,0.0613969022047113
0,-2.88535081222953e-15,0.0594099013488747
0,-4.12471311264721e-15,0.222436640012605
0,-4.20043036669818e-15,0.291491161335719
0,-1.60030073239436e-15,-0.204079354915321
0,-5.41482117702054e-15,0.188012619766428
0,6.45301699914548e-16,-0.0907304695859887
0,-3.92705017483702e-15,0.580515131830276
0,2.37534392463539e-15,-0.40956150130268
0,-4.95528838778141e-15,0.724817599884046
0,-2.30974353329758e-15,-0.0231533746639294
0,-3.4017784060795e-15,-0.00604245829810817
0,1.24562429304648e-15,-0.241931175324406
0,1.66252198494531e-15,0.0294324406129948
0,3.9826987283989e-15,-0.0741748396674902
0,3.7479212651755e-15,0.0423377467103763
0,-6.35229895115768e-15,0.437362403172711
0,6.77218412687897e-15,-0.279693226457758
0,-3.77628025328565e-15,0.380294924956651
0,1.35344564807005e-14,-0.538624199356912
0,-3.74922835799961e-15,-0.00777080533109656
0,7.30069369086249e-15,-0.0814585269524544
0,2.95930283563427e-15,-0.0129245244293335
0,-8.27684136534018e-16,-0.108267987776906
0,-6.8815565450321e-15,0.623873892638705
0,-3.04216858868092e-15,-0.0591783740783939
0,5.51758554167694e-15,-0.409025569571681
0,5.66916660622133e-16,-0.0713553746658253
0,4.09346024917403e-15,-0.00670239131250846
0,4.32180054832972e-16,-0.535230858792397
0,4.26989737572135e-15,0.253330576334724
0,-4.62880054978539e-15,-0.224653583544854
0,-1.06698094468774e-15,0.0251233208356008
0,-9.45996218414985e-16,-0.0733644106332712
0,-9.23585593636196e-17,-0.180828906252873
0,-1.38823311335308e-15,-0.184498636539235
0,7.95547857188049e-15,0.0918464266733447
0,-2.24440110512879e-15,0.252895032564595
0,-2.0884007085109e-15,-0.293609001320825
0,-8.1855889794502e-15,0.655185126703937
0,6.08938950219999e-15,-0.395138445994628
0,-1.0171174832823e-14,0.204664267198973
0,7.61109409221493e-15,-0.274949756331582
0,-9.62039382799917e-15,0.60215584161091
0,3.56108563136962e-15,-0.269432779566907
0,-8.2595934295498e-16,0.393016331400805
0,-7.18933402915965e-15,0.383447885471893
0,-4.96817626940896e-16,-0.168024118092747
0,2.72832157895989e-15,-0.12413525749173
0,7.75504725883159e-15,-0.208479980562301
0,-6.08751375846402e-15,0.126943283659485
0,8.21168138802709e-15,0.130347593222603
0,-5.55649329835751e-15,0.148939209336716
0,-8.35803646430661e-16,0.0865083700634959
0,-5.90605988499541e-15,0.35843005244153
0,9.65581044340841e-15,-0.202411010499953
0,-1.53166972063893e-16,-0.342728475545901
0,2.82252754632454e-15,0.0896176175212942
0,6.46496242901621e-15,-0.0383677054225348
0,1.29019117259984e-16,-0.265368596345128
0,-1.27108860524393e-15,0.297323017418385
0,-2.99742955371301e-15,-0.23563818002147
0,-9.55931672848774e-16,-0.130277776533478
0,9.02005872395142e-15,-0.473695038801671
0,-1.90001104023296e-15,0.23609655494768
0,4.22079836106034e-15,-0.503874449885644
0,1.19087501741138e-15,0.406107599246073
0,7.69824055191964e-16,-0.278967276441321
0,-5.10589062210246e-15,-0.0601801491958695
0,-3.47273235234169e-16,0.170782224751376
0,6.80823157543048e-15,-0.470283856861691
0,-8.87548749575239e-15,0.173900051803714
0,6.64004938199656e-15,0.0262243757917938
0,-6.77951515120008e-15,0.463972449209569
0,2.71354376711147e-15,-0.303294562286892
0,-1.10103851718432e-14,0.512993131126027
0,2.50484322275965e-15,-0.133703965209943
0,-2.8765805113011e-15,-0.0502759012042916
0,1.11716056549993e-14,-0.530146773330124
0,-6.54278479359316e-15,0.354629713931121
0,-4.95531400537095e-15,0.063564843654779
0,6.07056504207697e-15,0.161299975159248
0,-1.12267450775866e-14,0.252770222162994
0,-6.53881451403387e-16,0.156513060791175
0,-3.24288022443739e-15,-0.124071503029464
0,8.32829503861592e-15,-0.0503016949214212
0,-4.3694409242518e-15,-0.169578302739741
0,2.90708465603832e-15,0.388304038798222
0,2.56787887635462e-15,-0.0784652774915117
0,-5.74635225454679e-15,0.331539981437114
0,-3.14524747627162e-15,0.0440572702128896
0,5.86273907031667e-15,-0.161606764693785
0,3.7986691142838e-15,-0.130283757074153
0,4.16548022972161e-15,-0.303759254625149
0,-7.30476033426149e-16,0.448942518727343
0,9.75190596864526e-15,-0.464636645586969
0,-1.43996292041368e-15,0.256470922678551
0,2.46162396618478e-15,-0.443283704499188
0,-5.10767789579085e-15,0.147531531495831
0,1.11402592016841e-14,-0.502948864802818
0,-6.29741415921865e-16,-0.0660516087813994
0,3.41462585063985e-16,-0.0388780539832084
0,-6.5029708519177e-15,0.455398554633994
0,-1.45285810007545e-15,-0.082211684796757
0,-8.77837344792238e-17,-0.202384396585242
0,-6.68000094374602e-15,0.152307804235082
0,1.0010743933671e-14,-0.519785233786516
0,-8.16136695278823e-15,0.128784120693382
0,9.1318051069986e-15,-0.353584066366982
0,-8.23472768648105e-15,0.328000239880638
0,1.68256328057118e-15,-0.00868179239557269
0,-6.35265223559009e-15,0.0526768989526471
0,-3.67357067973825e-15,0.144383560280876
0,3.816560468602e-15,-0.0914092493171851
0,9.90714200788242e-15,-0.487177651586533
0,-3.38824673357545e-15,0.343061048999471
0,-3.73069552136675e-15,0.0736524452400147
0,3.68939162642793e-16,0.380731901120065
0,-2.80773666503728e-15,-0.117948865619135
0,-7.57956207893255e-15,0.634942006856129
0,-5.53190702159436e-15,-0.182238682430517
0,2.95111771789931e-15,0.136449359805657
0,2.15742998441989e-16,-0.0216889656264288
0,2.10636757514244e-16,0.164811136546882
0,-1.15010585241921e-15,0.196431086649543
0,-1.39889293491883e-15,0.148462938718396
0,-1.47019279310946e-15,-0.293343208829336
0,7.38757425637118e-15,-0.312228918777313
0,-1.09716442273736e-15,0.173577191185512
0,8.69727352127986e-15,-0.541134011788066
0,-5.97298853718008e-15,0.405883050184319
0,1.16307678269747e-14,-0.222121461391658
0,-5.69789803610374e-15,0.260539615725352
0,3.78805270857473e-15,-0.368066271034573
0,-2.16291334009589e-15,-0.04221805431383
0,4.13086431292477e-15,-0.293441622576942
0,8.50222089669158e-15,-0.345471259118248
0,-3.80085405636786e-15,0.25493400432451
0,-5.98383954117818e-15,0.256407400577983
0,-4.33147446504711e-15,-0.116316756241912
0,1.29719847697414e-15,0.100930234237725
0,-2.60810653465407e-15,-0.347346601717033
0,3.09144104335945e-15,-0.0216068261047831
0,-8.9164582130878e-16,-0.125788534954947
0,9.17051821840404e-15,-0.393742954525892
0,-5.33695174756979e-15,0.218800343374338
0,-5.7068125476779e-16,0.189880210537969
0,-5.59363880318133e-15,0.0421962825255349
0,-2.89186691421848e-15,-0.151464745509711
0,4.8816804145617e-16,0.28892322543096
0,5.45623549196191e-15,-0.413310767405648
0,-4.83741590075805e-15,0.466515826298632
0,4.99602571696101e-16,0.00645039958477592
0,-7.93591339851824e-15,0.422269125926776
0,2.5648557029107e-15,-0.25306621766783
0,-8.22257087426179e-15,0.637163513878797
0,-9.87462624937405e-16,-0.525802783530518
0,2.5759284591682e-15,0.0638867452063326
0,-1.697838513028e-15,0.285037368671459
0,6.27236075241262e-15,-0.274344490599241
0,-8.0902477581796e-15,0.544172500123551
0,4.38078959088495e-15,0.0202876171428843
0,-1.04051378577675e-15,-0.235819078671834
0,9.1897847867383e-15,-0.233756088390482
0,1.02856170948199e-15,0.11349963597249
0,5.02300282601365e-15,-0.277492962176146
0,-3.67462129878808e-16,0.0756465431820135
0,3.31723820099603e-15,0.188300066393093
0,-6.65221446035662e-15,0.320947141380345
0,-2.43133928376255e-15,0.0424397454906885
0,7.98062204983344e-15,-0.139809330383122
0,-2.20795978613821e-15,-0.0110261067743202
0,5.23036738328339e-15,-0.498892746768692
0,3.09456907019309e-16,-0.479786104284455
0,1.97431307140167e-15,0.150596902887254
0,3.34623805704551e-15,-0.583225368612493
0,-4.45255153379376e-15,0.0959069104247107
0,8.34984300596111e-15,-0.119425138860856
0,-1.04630004338458e-14,0.312229852543158
0,-3.03038926355861e-15,0.316818976266122
0,2.71237012405609e-15,-0.00834051359373374
0,-3.29056865195727e-15,0.413216356307192
0,2.65797861965505e-15,-0.0683266576864617
0,-5.70740830557403e-16,0.30927574376997
0,-4.09325471269986e-15,0.323936843441336
0,-3.40478497277207e-15,-0.10613715446797
0,-7.61468193243978e-15,0.2273632998067
0,6.88018393745684e-15,-0.607365820985188
0,5.32024193009909e-15,-0.10683275357429
0,2.88285339512895e-15,0.117323527087513
0,-3.78691361947732e-15,0.320674554373538
0,1.02905023095682e-15,0.0703882347778127
0,6.12640245089192e-15,-0.381065657970753
0,1.50876878711163e-16,-0.0935818438176075
0,-1.78712117437389e-15,0.000567512743033007
0,-1.74395970631494e-15,0.644028241750425
0,2.74525238537519e-16,-0.00163564923261319
0,-3.60383245193286e-15,-0.142047085102515
0,-6.74089097527807e-15,0.30579028034796
0,-2.85372798310286e-16,-0.314600548321212
0,8.47535668376025e-15,-0.191151868157645
0,3.94412221310857e-15,-0.405610582098743
0,-6.56972734868783e-15,0.349320331890458
0,3.59629968909417e-15,-0.157823330640679
0,-2.49269393198384e-15,-0.23018481791621
0,-1.06923767559828e-15,0.576904973996209
0,2.87288755704246e-15,-0.35517031911863
0,-2.71168500247554e-15,-0.0967803466667043
0,-3.38950974031525e-15,0.167805126578252
0,-1.38099539961245e-15,-0.164309928146295
0,-6.92406031499116e-15,0.270456046703157
0,-1.26636204827036e-15,-0.265791483020194
0,6.54327093203641e-15,-0.317253241612078
0,4.34762427009545e-15,-0.3150890677777
0,5.11861839379542e-15,-0.0972848873466231
0,-1.14549468630315e-15,0.414365848295413
0,-8.21379513704256e-15,0.127133662038687
0,6.16888713798087e-15,-0.482229912676697
0,-4.29479484289807e-16,0.117032491654601
0,-2.69400767418152e-15,0.165449925674791
0,-1.71791793715923e-15,0.0191447992968035
0,-2.63544228996018e-16,-0.117107011790103
0,4.33383843237896e-15,-0.141705637465263
0,6.24697431694265e-15,-0.0694817498352165
0,-2.0888320372277e-15,0.210428092767793
0,2.18644101092993e-15,0.168818511225251
0,-4.5192954824132e-15,0.381877347049932
0,-9.9365935228869e-15,-0.000678753549395203
0,3.08444356899043e-15,0.220279078627304
0,-2.14739742144904e-16,-0.172776241296546
0,3.59201023224202e-15,-0.638161886052439
0,1.38604742657165e-15,0.116967875788176
0,9.17524352800952e-15,-0.00951515384249732
0,-1.60078716871655e-15,0.0777373872949164
0,2.07602085942928e-15,0.258602035760725
0,-5.42705893784393e-15,0.44229062157478
0,-9.09715634904773e-15,-0.052810229763732
0,2.73305126366241e-15,0.147520364657091
0,-2.88922562158598e-15,0.0190759615736717
0,7.14985732368827e-15,-0.684152918192972
0,2.65496408470063e-15,0.0437995230364026
0,-6.16888713798087e-15,0.0320027461280263
0,1.24939486338853e-15,0.195465028619379
0,8.3162845594299e-15,-0.193067321111137
0,-5.49538521943549e-15,0.419702375272146
0,-4.02148971653183e-15,0.426457601708329
0,-2.38165895833438e-15,0.0955488676936389
0,-5.19279740095858e-15,0.049219267231114
0,8.66767686475793e-15,-0.613896081642178
0,1.97170126878502e-15,-0.124382042202024
0,3.0258781847691e-15,-0.0732797651053746
0,5.66132047472928e-15,0.127790880948568
0,-2.82089933999442e-15,0.381583860434306
0,-2.53783331625795e-15,0.0941032814755366
0,-6.12984354849997e-15,0.211101952578829
0,-1.05222473651003e-14,0.212439315546594
0,-1.48365640027388e-15,0.0162726221029933
0,9.46319000043109e-15,-0.452311322275595
0,1.8350487056019e-15,-0.432059035694396
0,-2.92826921106687e-16,-0.0493476585622539
0,5.87606021687418e-15,0.262825987656854
0,3.27966151639489e-15,-0.0193413198904419
0,-5.09518842725635e-15,0.0984491847314781
0,-7.28162943818627e-15,0.420027316092721
0,-1.00927678808105e-14,0.245906494105364
0,-0.176594104946584,-0.13866731859799
0,-0.235601839040538,-0.240901199625844
0,0.0181416121960118,0.0872808972553346
0,-0.123214153139611,0.097990777513744
0,0.00503077801289598,0.0312081994466106
0,0.216875275755129,0.0282519901827121
0,0.155786010502421,0.140076046848081
0,0,0
0,0,0
0,0,0
0,0,0
0,0,0
0,0,0
0,0,0
0,0,0
0,0,0
0,0,0
0,0,0
0,0,0
0,0,0
0,0,0
0,0,0
0,0,0
0,0,0
0,0,0
0,0,0
0,0,0
0,0,0
0,0,0
0,0,0
0,0,0
0,0,0
0,0,0
0,0,0
0,0,0
0,0,0
0,0,0
0,0,0
0,0,0
0,0,0
0,0,0
0,0,0
0,0,0
0,0,0
0,0,0
0,0,0
0,0,0
0,0,0
0,0,0
0,0,0
0,0,0
0,0,0
0,0,0
0,0,0
0,0,0
0,0,0
0,0,0
0,0,0
0,0,0
0,0,0
0,0,0
0,0,0
0,0,0
0,0,0
0,0,0
0,0,0
0,0,0
0,0,0
0,0,0
0,0,0
0,0,0
0,0,0
0,0,0
0,0,0
0,0,0
0,0,0
0,0,0
0,0,0
0,0,0
0,0,0
0,0,0
0,0,0
0,0,0
0,0,0
0,0,0
0,0,0
0,0,0
0,0,0
0,0,0
0,0,0
0,0,0
0,0,0
0,0,0
0,0,0
0,0,0
0,0,0
0,0,0
0,0,0
0,0,0
0,0,0
0,0,0
0,0,0
0,0,0
0,0,0
0,0,0
0,0,0
0,0,0
0,0,0
0,0,0
0,0,0
0,0,0
0,0,0
0,0,0
0,0,0
0,0,0
0,0,0
0,0,0
0,0,0
0,0,0
0,0,0
0,0,0
0,0,0
0,0,0
0,0,0
0,0,0
0,0,0
0,0,0
0,0,0
0,0,0
0,0,0
0,0,0
0,0,0
0,0,0
0,0,0
0,0,0
0,0,0
0,0,0
0,0,0
0,0,0
0,0,0
0,0,0
0,0,0
0,0,0
0,0,0
0,0,0
0,0,0
0,0,0
0,0,0
0,0,0
0,0,0
0,0,0
0,0,0
0,0,0
0,0,0
0,0,0
0,0,0
0,0,0
0,0,0
0,0,0
0,0,0
0,0,0
0,0,0
0,0,0
0,0,0
0,0,0
0,0,0
0,0,0
0,0,0
0,0,0
0,0,0
0,0,0
0,0,0
0,0,0
0,0,0
0,0,0
0,0,0
